Empty_Index,Water_Index,Salt_Index,A_n_mean,A_n_x,A_n_y,B_n_mean,B_n_good,B_n_bad,B_angle_deg,B_a_coef,B_b_coef
1,1,1,1.3595386583498,1.3595903547225,1.35948696197711,1.35955294378135,1.35955294378135,1.42815873733733,37,-6.41177680822013e-16,-0.000432428004424852
1,1,2,1.36075472967218,1.35970968816935,1.36179977117502,1.36046594985894,1.36046594985894,-0.0263992761145431,37,6.41177680822013e-16,0.00874152649491086
1,1,3,1.36180840555909,1.3623379327759,1.36127887834228,1.36195473158573,1.36195473158573,2.06468556209482,37,-6.41177680822013e-16,-0.00442937068335101
1,1,4,1.36105311729347,1.36167342479007,1.36043280979688,1.36122452893841,1.36122452893841,2.18442905632853,37,0,-0.00518872638245022
1,1,5,1.36124974595942,1.36152132159076,1.36097817032808,1.36132479136182,1.36132479136182,1.72173038129212,37,6.41177680822013e-16,-0.00227166631211642
1,1,6,1.36127703410366,1.36056672765583,1.36198734055149,1.36108075274756,1.36108075274756,0.418439422609449,37,0,0.00594154645186692
1,1,7,1.36091585277709,1.35891089783836,1.36292080771583,1.36036181687401,1.36036181687401,-1.30039593929541,37,6.41177680822013e-16,0.0167709767225351
1,1,8,1.36096790843729,1.35944962888669,1.3624861879879,1.36054835717173,1.36054835717173,-0.654346846836915,37,6.41177680822013e-16,0.0127000515121771
1,1,9,1.36071734135593,1.3598627302773,1.36157195243456,1.36048118381863,1.36048118381863,0.226334469574362,37,-6.41177680822013e-16,0.00714862076430195
1,1,10,1.36128108108327,1.36080870834473,1.36175345382181,1.36115054874475,1.36115054874475,0.734268914852576,37,1.28235536164403e-15,0.00395128690893156
1,1,11,1.36045443842108,1.36038739610603,1.36052148073613,1.36043591239397,1.36043591239397,1.27146465607646,37,6.41177680822013e-16,0.000560793204573318
1,1,12,1.36121951039744,1.36089762851571,1.36154139227917,1.36113056370064,1.36113056370064,0.933963999089445,37,-1.28235536164403e-15,0.00269246627023024
1,1,13,1.36049701144065,1.36074834204232,1.36024568083897,1.36056646246629,1.36056646246629,1.69410505470158,37,0,-0.00210232139828401
1,1,14,1.35930430404642,1.35997674324187,1.35863186485097,1.35949012141803,1.35949012141803,2.25187815981249,37,-6.41177680822013e-16,-0.00562479578784672
1,1,15,1.36009823607314,1.35968827737042,1.36050819477586,1.35998495081386,1.35998495081386,0.815932425292351,37,-6.41177680822013e-16,0.00342920817207104
1,1,16,1.35966285223001,1.36169356530085,1.35763213915917,1.36022400596387,1.36022400596387,4.05516514872879,37,6.41177680822013e-16,-0.0169864374421595
1,1,17,1.36021131444378,1.36155685283921,1.35886577604834,1.36058313156826,1.36058313156826,3.1462350944642,37,0,-0.0112551123584397
1,1,18,1.36026593209787,1.36197702365956,1.35855484053618,1.36073876375125,1.36073876375125,3.63151306212639,37,6.41177680822013e-16,-0.0143128786571713
1,1,19,1.35997240140771,1.36177293069569,1.35817187211973,1.36046994768709,1.36046994768709,3.74993625221701,37,-6.41177680822013e-16,-0.015061004211915
1,1,20,1.36045555431412,1.36261846394887,1.35829264467937,1.36105323836658,1.36105323836658,4.23143125801893,37,0,-0.0180922306214639
1,1,21,1.36306381512941,1.35806324743826,1.36806438282056,1.36168199153668,1.36168199153668,-5.27452663960251,37,0,0.0418285731651684
1,1,22,1.36348499602499,1.35883179018314,1.36813820186685,1.36219916009371,1.36219916009371,-4.81302866950063,37,-6.41177680822013e-16,0.038922972956236
1,1,23,1.36353212662851,1.35899519710604,1.36806905615097,1.36227842172141,1.36227842172141,-4.65864014500581,37,6.41177680822013e-16,0.037950348879649
1,1,24,1.36321351398397,1.35859547976601,1.36783154820192,1.36193739714514,1.36193739714514,-4.76661448513251,37,1.28235536164403e-15,0.0386287705907123
1,1,25,1.36308367799765,1.3586042429133,1.367563113082,1.36184586072091,1.36184586072091,-4.58277235172494,37,0,0.037469421421068
1,2,1,1.35945107431597,1.35951157803553,1.35939057059641,1.35946779213989,1.35946779213989,1.44246551233509,37,1.28265912923148e-15,-0.00050622614108085
1,2,2,1.3606668224933,1.35963088533959,1.36170275964701,1.3603805819935,1.3603805819935,-0.060696050233314,37,6.41329564615738e-16,0.00866754096402252
1,2,3,1.361720280326,1.36225855416762,1.36118200648438,1.36186901113743,1.36186901113743,2.10026165911685,37,0,-0.00450366178625137
1,2,4,1.3609651782791,1.36159419175782,1.36033616480037,1.36113898142139,1.36113898142139,2.22400634048064,37,0,-0.0052628676114704
1,2,5,1.36116175049055,1.36144212188028,1.36088137910081,1.36123922010001,1.36123922010001,1.74584675046503,37,0,-0.00234582811997026
1,2,6,1.36118900790045,1.36048773707151,1.36189027872939,1.36099523928055,1.36099523928055,0.399006778585463,37,-6.41329564615738e-16,0.00586743473286586
1,2,7,1.36082788279997,1.35883227000232,1.36282349559762,1.36027647367002,1.36027647367002,-1.37726286793574,37,0,0.01669701256491
1,2,8,1.36087993771794,1.359370883029,1.36238899240687,1.36046296979006,1.36046296979006,-0.709626270196185,37,-6.41329564615738e-16,0.0126260490672112
1,2,9,1.36062944795652,1.35978389392008,1.36147500199295,1.36039581234538,1.36039581234538,0.200482705491896,37,6.41329564615738e-16,0.00707463210664815
1,2,10,1.36119305973101,1.36072966474887,1.36165645471316,1.3610650187482,1.3610650187482,0.725389603247596,37,-6.41329564615738e-16,0.00387716086432283
1,2,11,1.36036662838612,1.36030844480848,1.36042481196376,1.36035055164219,1.36035055164219,1.28053555295564,37,-1.28265912923148e-15,0.000486813838867425
1,2,12,1.36113150773582,1.3608185654398,1.36144445003184,1.36104503843708,1.36104503843708,0.931757429131954,37,-6.41329564615738e-16,0.00261834432754615
1,2,13,1.36040919884479,1.36066931167111,1.36014908601847,1.36048107079681,1.36048107079681,1.7172983332137,37,6.41329564615738e-16,-0.00217632755935369
1,2,14,1.35921679233,1.35989788190744,1.35853570275256,1.35940498465457,1.35940498465457,2.293709232252,37,0,-0.00569858103023009
1,2,15,1.36001050439857,1.3596094792312,1.36041152956593,1.35989969686171,1.35989969686171,0.809781871429571,37,-1.28265912923148e-15,0.00335532136609717
1,2,16,1.35957528648976,1.36161432785635,1.35753624512317,1.36013869539715,1.36013869539715,4.15725242747045,37,-6.41329564615738e-16,-0.0170603733141294
1,2,17,1.36012359828736,1.36147764534478,1.35876955122993,1.3604977359511,1.3604977359511,3.21795079219816,37,0,-0.011329121940836
1,2,18,1.36017821160382,1.36189772411688,1.35845869909076,1.36065333127628,1.36065333127628,3.71944415403391,37,0,-0.0143869201830271
1,2,19,1.35988475461313,1.36169367586435,1.35807583336191,1.36038457887486,1.36038457887486,3.84182441375177,37,0,-0.015134990563352
1,2,20,1.36036779871088,1.36253902388366,1.35819657353809,1.3609677314157,1.3609677314157,4.33940840737504,37,-6.41329564615738e-16,-0.0181663366931419
1,2,21,1.36297524841241,1.35798480529989,1.36796569152492,1.36159633568043,1.36159633568043,-5.48418776063776,37,0,0.041754338042075
1,2,22,1.36339633522758,1.35875317967749,1.36803949077767,1.36211338175828,1.36211338175828,-5.00726899669363,37,6.41329564615738e-16,0.0388486316844479
1,2,23,1.36344345720226,1.35891655080228,1.36797036360224,1.36219262461473,1.36219262461473,-4.8477216334561,37,6.41329564615738e-16,0.0378759913394351
1,2,24,1.36312492018365,1.35851692102969,1.36773291933761,1.36185168080209,1.36185168080209,-4.95930389852986,37,6.41329564615738e-16,0.038554483045693
1,2,25,1.362995119226,1.35852568225721,1.3674645561948,1.3617601660561,1.3617601660561,-4.76931874430213,37,0,0.0373951526638732
1,3,1,1.35901826165154,1.35974966968137,1.35828685362171,1.35921909426745,1.35921909426745,0.717483253640529,37,-6.41773575807792e-16,-0.00613013345635327
1,3,2,1.36023049887728,1.35986905599839,1.36059194175617,1.36013125260719,1.36013125260719,1.67726046128869,37,6.41773575807792e-16,0.00302935296589657
1,3,3,1.36128562645262,1.3624984650374,1.36007278786784,1.36161865198108,1.36161865198108,0.297476672391097,37,-6.41773575807792e-16,-0.0101651363979014
1,3,4,1.36053160323748,1.36183366264416,1.35922954383079,1.36088912733627,1.36088912733627,0.218464989483428,37,6.41773575807792e-16,-0.0109129208397582
1,3,5,1.36072728789551,1.36168149205619,1.35977308373483,1.36098929666474,1.36098929666474,0.523772607469087,37,6.41773575807792e-16,-0.00799744959178506
1,3,6,1.36075268007254,1.36072647519252,1.36077888495256,1.36074548464346,1.36074548464346,1.38373759030884,37,0,0.00021963036384817
1,3,7,1.36038957380223,1.35906991176678,1.36170923583769,1.36002721631108,1.36002721631108,2.51789586299333,37,0,0.0110604533512657
1,3,8,1.36044247426916,1.35960888149758,1.36127606704074,1.36021358340374,1.36021358340374,2.09160609783508,37,0,0.00698657210428188
1,3,9,1.36019352473746,1.36002216591098,1.36036488356394,1.36014647242196,1.36014647242196,1.51049634017942,37,0,0.00143620582823912
1,3,10,1.36075717105918,1.36096856308992,1.36054577902844,1.36081521583417,1.36081521583417,1.1753403003041,37,6.41773575807792e-16,-0.001771735211009
1,3,11,1.35993249147118,1.36054706419065,1.35931791875171,1.3601012430324,1.3601012430324,0.820876453758173,37,-1.28354715161558e-15,-0.00515090433159499
1,3,12,1.36069597404347,1.36105752265661,1.36033442543033,1.36079524934644,1.36079524934644,1.04357326966151,37,0,-0.00303023915394449
1,3,13,1.35997560481258,1.36090817004248,1.35904303958269,1.36023167188731,1.36023167188731,0.542000934266806,37,6.41773575807792e-16,-0.00781608771422833
1,3,14,1.35878542026669,1.3601362293885,1.35743461114487,1.3591563302355,1.3591563302355,0.173959296618984,37,0,-0.0113215057165041
1,3,15,1.35957615642934,1.35984763571349,1.35930467714518,1.35965070017589,1.35965070017589,1.12145535704864,37,-6.41773575807792e-16,-0.0022753431390484
1,3,16,1.35914601750366,1.36185381207811,1.35643822292921,1.35988953336014,1.35988953336014,-1.01592363331864,37,1.28354715161558e-15,-0.0226947769737691
1,3,17,1.3596923902508,1.3617170390466,1.35766774145501,1.3602483255118,1.3602483255118,-0.416174196471281,37,1.28354715161558e-15,-0.0169691428236105
1,3,18,1.35974761999463,1.36213739602183,1.35735784396744,1.36040381318832,1.36040381318832,-0.736380560486058,37,0,-0.0200293753692535
1,3,19,1.35945468334254,1.36193321263545,1.35697615404963,1.36013524672331,1.36013524672331,-0.814521052412014,37,-6.41773575807792e-16,-0.0207732410930574
1,3,20,1.35993782196082,1.36277912049849,1.35709652342315,1.36071799580993,1.36071799580993,-1.13223126258673,37,-6.41773575807792e-16,-0.0238137106990303
1,3,21,1.36252876274593,1.35822188581881,1.36683563967306,1.36134616517467,1.36134616517467,5.14019076707747,37,0,0.0360971294635099
1,3,22,1.36294999067284,1.35899076906325,1.36690921228244,1.36186285353407,1.36186285353407,4.83567542359623,37,6.41773575807792e-16,0.0331833338715122
1,3,23,1.36299727289247,1.35915424838289,1.36684029740206,1.36194204156633,1.36194204156633,4.73380352466736,37,0,0.0322094537645799
1,3,24,1.36267896814871,1.35875435394981,1.36660358234761,1.36160133363574,1.36160133363574,4.80504943559429,37,6.41773575807792e-16,0.0328932795687565
1,3,25,1.36254958217445,1.35876312097957,1.36633604336932,1.36150988220425,1.36150988220425,4.68374283398872,37,-6.41773575807792e-16,0.0317353809437193
1,4,1,1.35941302455793,1.36009279841207,1.35873325070378,1.35959977097645,1.35959977097645,0.675666656683696,37,0,-0.00569088570135408
1,4,2,1.36062675469767,1.3602122985996,1.36104121079574,1.36051289596145,1.36051289596145,1.7775048825819,37,0,0.00346971609452119
1,4,3,1.361682812824,1.36284421556526,1.36052141008273,1.36200187158312,1.36200187158312,0.193492978603292,37,-6.4109418646308e-16,-0.00972295449949159
1,4,4,1.36092794725737,1.36217877908444,1.35967711543031,1.36127157383619,1.36127157383619,0.102786414802359,37,-1.28218837292616e-15,-0.010471630993212
1,4,5,1.36112389794922,1.36202646335637,1.36022133254208,1.36137184931751,1.36137184931751,0.453284010988097,37,-6.4109418646308e-16,-0.00755603725967621
1,4,6,1.36114946125376,1.36107053559896,1.36122838690857,1.36112777892033,1.36112777892033,1.44053634775548,37,-1.28218837292616e-15,0.00066074456625228
1,4,7,1.36078614454133,1.35941239214534,1.36215989693733,1.36040874941453,1.36040874941453,2.74256657842185,37,6.4109418646308e-16,0.0115006892658593
1,4,8,1.36083903219551,1.35995187594471,1.36172618844631,1.36059531400675,1.36059531400675,2.25317971361863,37,-6.4109418646308e-16,0.00742703590577822
1,4,9,1.36058971212759,1.36036555454821,1.36081386970697,1.36052813190517,1.36052813190517,1.58605724048091,37,6.4109418646308e-16,0.00187658756742608
1,4,10,1.36115392247618,1.36131285439946,1.36099499055291,1.36119758400756,1.36119758400756,1.2012932208391,37,1.28218837292616e-15,-0.0013305357423445
1,4,11,1.36032827696726,1.36089095347513,1.35976560045938,1.36048285458448,1.36048285458448,0.794363557672538,37,1.28218837292616e-15,-0.00471057789823261
1,4,12,1.36109263622029,1.36140189881565,1.36078337362493,1.36117759636065,1.36117759636065,1.05002274877729,37,0,-0.00258906410000383
1,4,13,1.36037139128094,1.36125240374921,1.35949037881266,1.3606134216593,1.3606134216593,0.474210395882253,37,6.4109418646308e-16,-0.00737560179440642
1,4,14,1.35917983660977,1.36047972681932,1.35787994640023,1.35953694043131,1.35953694043131,0.05169323059528,37,6.4109418646308e-16,-0.0108823347084287
1,4,15,1.35997160011946,1.36019085788406,1.35975234235486,1.36003183427237,1.36003183427237,1.13943252045353,37,6.4109418646308e-16,-0.00183556762277601
1,4,16,1.35954063225027,1.36219894773688,1.35688231676365,1.36027092055628,1.36027092055628,-1.31430971894512,37,6.4109418646308e-16,-0.0222547094158419
1,4,17,1.36008770571187,1.36206204425145,1.35811336717229,1.36063009293221,1.36063009293221,-0.6257886223683,37,0,-0.0165286365399863
1,4,18,1.36014294286977,1.36248280216257,1.35780308357696,1.36078574538431,1.36078574538431,-0.993390196187609,37,6.4109418646308e-16,-0.0195886789576164
1,4,19,1.35984967106503,1.36227842402637,1.3574209181037,1.36051689431027,1.36051689431027,-1.08309662004141,37,6.4109418646308e-16,-0.0203328730804912
1,4,20,1.36033328808154,1.36312513871514,1.35754143744794,1.36110026095595,1.36110026095595,-1.44783257286368,37,6.4109418646308e-16,-0.0233726301095662
1,4,21,1.36292812260891,1.35856355735141,1.36729268786641,1.36172909601315,1.36172909601315,5.75299935581404,37,0,0.0365389781691218
1,4,22,1.36334976304853,1.35933317395561,1.36736635214144,1.36224633192481,1.36224633192481,5.40341130230908,37,1.28218837292616e-15,0.0336258143759492
1,4,23,1.36339708030009,1.3594968092016,1.36729735139857,1.36232560387532,1.36232560387532,5.28646087726229,37,1.28218837292616e-15,0.0326520310989624
1,4,24,1.36307843738283,1.35909653334977,1.3670603414159,1.36198453488494,1.36198453488494,5.36825222162083,37,1.28218837292616e-15,0.0333354402905593
1,4,25,1.36294888892335,1.35910530874151,1.3667924691052,1.36189298653925,1.36189298653925,5.22899047458441,37,-6.4109418646308e-16,0.0321774298400743
1,5,1,1.36028776381652,1.36055147670379,1.36002405092925,1.36036049319442,1.36036049319442,2.95655940857454,37,6.39740834470651e-16,-0.0022016678591279
1,5,2,1.3615057223357,1.36067112910802,1.36234031556338,1.36127554986715,1.36127554986715,-3.69034258911757,37,6.39740834470651e-16,0.00696779404247472
1,5,3,1.36256252152303,1.36330639855167,1.36181864449439,1.3627676753708,1.3627676753708,5.86529964714677,37,-6.39740834470651e-16,-0.00621042893303449
1,5,4,1.36180571316937,1.36264011445248,1.36097131188626,1.36203583270153,1.36203583270153,6.41249217138569,37,1.2794816689413e-15,-0.00696619154897857
1,5,5,1.36200254595875,1.36248760470799,1.36151748720951,1.36213632031253,1.36213632031253,4.29809541375459,37,-6.39740834470651e-16,-0.00404962483651755
1,5,6,1.36202931224368,1.36153045931081,1.36252816517655,1.36189173359196,1.36189173359196,-1.65756066646167,37,6.39740834470651e-16,0.00416478875991566
1,5,7,1.3616666153657,1.3598702037505,1.36346302698091,1.36117118300143,1.36117118300143,-9.51213236115555,37,6.39740834470651e-16,0.0149977566737107
1,5,8,1.36171906632246,1.36041037473248,1.36302775791245,1.36135814226528,1.36135814226528,-6.55987816190314,37,0,0.0109259135608995
1,5,9,1.36146836836132,1.36082458027069,1.36211215645194,1.36129081804204,1.36129081804204,-2.53542375908952,37,6.39740834470651e-16,0.00537481335064226
1,5,10,1.36203350789086,1.36177308677167,1.36229392901006,1.36196168634969,1.36196168634969,-0.214312845813422,37,0,0.00217418577420782
1,5,11,1.36120538187146,1.36135064843921,1.36106011530371,1.36124544493858,1.36124544493858,2.24051357738235,37,6.39740834470651e-16,-0.00121279144353752
1,5,12,1.36197189762452,1.36186224461068,1.36208155063837,1.36194165641954,1.36194165641954,0.698234912383905,37,6.39740834470651e-16,0.000915463475228398
1,5,13,1.36124823123519,1.36171255912071,1.36078390334967,1.36137628822401,1.36137628822401,4.17185580226892,37,-6.39740834470651e-16,-0.00387654843966396
1,5,14,1.36005328711162,1.36093889797193,1.3591676762513,1.36029752973321,1.36029752973321,6.72071472184017,37,0,-0.00739372651469825
1,5,15,1.36084823528771,1.36064966108178,1.36104680949364,1.36079347050691,1.36079347050691,0.158865360666354,37,-6.39740834470651e-16,0.00165784255516058
1,5,16,1.36041338286086,1.36266030879531,1.3581664569264,1.36103306257048,1.36103306257048,14.9612054951128,37,0,-0.0187589793695576
1,5,17,1.36096258392364,1.36252323092523,1.35940193692205,1.36139299476448,1.36139299476448,10.8076626748329,37,6.39740834470651e-16,-0.0130294214228985
1,5,18,1.36101753082371,1.36294452478853,1.35909053685888,1.36154897649454,1.36154897649454,13.0252401539428,37,-6.39740834470651e-16,-0.016087953535582
1,5,19,1.36072344129556,1.36273988631994,1.35870699627117,1.36127955667436,1.36127955667436,13.5663992768563,37,-6.39740834470651e-16,-0.0168347563363264
1,5,20,1.36120781440275,1.36358767953528,1.35882794927021,1.36186415741417,1.36186415741417,15.7666897337137,37,6.39740834470651e-16,-0.0198688529243424
1,5,21,1.36381728726855,1.35902028772948,1.36861428680763,1.36249432275253,1.36249432275253,-27.6727399454985,37,6.39740834470651e-16,0.0400488569781005
1,5,22,1.36423955039857,1.35979088465439,1.36868821614274,1.36301265286079,1.36301265286079,-25.5638300560116,37,6.39740834470651e-16,0.0371407119555643
1,5,23,1.36428684772777,1.35995472833535,1.3686189671202,1.36309209250867,1.36309209250867,-24.8583199406398,37,6.39740834470651e-16,0.0361676978590008
1,5,24,1.36396752347251,1.35955394262094,1.36838110432407,1.36275030199737,1.36275030199737,-25.351730894655,37,0,0.0368477976380154
1,5,25,1.36383749867058,1.35956272919059,1.36811226815056,1.36265855998398,1.36265855998398,-24.511626455708,37,1.2794816689413e-15,0.0356888988885185
1,6,1,1.36098307487264,1.36066351305907,1.36130263668621,1.36089446564306,1.36089446564306,1.18169660697438,37,0,0.00266160637932286
1,6,2,1.36220516496133,1.36078320264363,1.36362712727903,1.36181087822206,1.36181087822206,0.56442961544872,37,0,0.0118434175024042
1,6,3,1.36326144725665,1.36341929096059,1.36310360355271,1.36330521471699,1.36330521471699,1.45181783590426,37,0,-0.00131466837245087
1,6,4,1.36250303077953,1.36275279982289,1.36225326173616,1.36257228762301,1.36257228762301,1.5026330703307,37,0,-0.00208030763044428
1,6,5,1.36270080971451,1.36260024268811,1.36280137674091,1.36267292413384,1.36267292413384,1.30627884005504,37,6.38794286345381e-16,0.00083761522071379
1,6,6,1.36272922194537,1.36164279987132,1.36381564401941,1.36242797499127,1.36242797499127,0.753204654145125,37,6.38794286345381e-16,0.00904872797723742
1,6,7,1.36236792714609,1.3599820284097,1.36475382588248,1.36170635670833,1.36170635670833,0.0237869733383829,37,0,0.0198719716421448
1,6,8,1.36241968912308,1.36052236724229,1.36431701100387,1.36189359300337,1.36189359300337,0.297949142184,37,0,0.0158026516532302
1,6,9,1.36216742968738,1.36093670148911,1.36339815788565,1.36182616902092,1.36182616902092,0.671681576123824,37,-6.38794286345381e-16,0.0102506428634635
1,6,10,1.36273303935713,1.36188550272529,1.36358057598898,1.36249803140311,1.36249803140311,0.887232392268367,37,0,0.0070590690446406
1,6,11,1.36190265682758,1.361462933126,1.36234238052916,1.36178072868482,1.36178072868482,1.1152007482769,37,-6.38794286345381e-16,0.00366242573289024
1,6,12,1.36267106582388,1.36197468826886,1.3633674433789,1.36247797179315,1.36247797179315,0.971976474477115,37,-6.38794286345381e-16,0.00580007643011594
1,6,13,1.3619450719525,1.36182495626621,1.36206518763879,1.3619117658503,1.3619117658503,1.29455555224063,37,0,0.00100043454292593
1,6,14,1.36074713770046,1.36105105471299,1.36044322068793,1.36083140888429,1.36083140888429,1.53125627050808,37,6.38794286345381e-16,-0.00253130200473967
1,6,15,1.36154537770574,1.36076172794649,1.36232902746498,1.36132808452964,1.36132808452964,0.921887723262666,37,-6.38794286345381e-16,0.00652696007401857
1,6,16,1.36110572304186,1.36277300044083,1.3594384456429,1.36156803161426,1.36156803161426,2.29651246806885,37,-6.38794286345381e-16,-0.0138866284165863
1,6,17,1.36165709664268,1.36263587997571,1.36067831330964,1.36192849714607,1.36192849714607,1.91079219090252,37,6.38794286345381e-16,-0.00815221297583607
1,6,18,1.36171155604684,1.36305730475022,1.36036580734346,1.36208471000565,1.36208471000565,2.1167283367161,37,0,-0.0112086400244406
1,6,19,1.36141675367334,1.36285260269307,1.3599809046536,1.36181489096645,1.36181489096645,2.16698327711592,37,-1.27758857269076e-15,-0.0119590788022013
1,6,20,1.36190147327612,1.36370065934835,1.36010228720389,1.36240035795185,1.36240035795185,2.37131405726862,37,6.38794286345381e-16,-0.0149852858635584
1,6,21,1.36452761406506,1.35913184828909,1.36992337984102,1.36303145705219,1.36303145705219,-1.66270450972509,37,6.38794286345381e-16,0.0449409284862644
1,6,22,1.36495012819715,1.35990268466628,1.36999757172802,1.36355055520801,1.36355055520801,-1.46685981947176,37,6.38794286345381e-16,0.0420397786297086
1,6,23,1.36499732801729,1.36006657925939,1.3699280767752,1.36363011256742,1.36363011256742,-1.40134236388754,37,6.38794286345381e-16,0.0410678366173508
1,6,24,1.36467751912098,1.35966566900639,1.36968936923556,1.36328781560016,1.36328781560016,-1.44716315307271,37,-6.38794286345381e-16,0.0417433237348223
1,6,25,1.36454701831317,1.35967445830634,1.36941957832,1.36319593764594,1.36319593764594,-1.3691465462721,37,0,0.0405831868735494
1,7,1,1.3605373889916,1.36081833487793,1.36025644310527,1.36061485878245,1.36061485878245,3.74316752553757,37,-6.39289582810928e-16,-0.00234394819634945
1,7,2,1.36175613935412,1.36093807584157,1.36257420286667,1.36153056136097,1.36153056136097,-5.57603107663028,37,1.27857916562186e-15,0.00682515241544674
1,7,3,1.36281374540725,1.36357529575065,1.36205219506386,1.36302374010266,1.36302374010266,7.82132724186619,37,-6.39289582810928e-16,-0.00635365969267443
1,7,4,1.36205641700955,1.36290851850868,1.36120431551041,1.36229138085182,1.36229138085182,8.58851108311653,37,0,-0.00710913335679439
1,7,5,1.36225336963527,1.36275589588579,1.36175084338475,1.36239193939343,1.36239193939343,5.62404984764376,37,0,-0.00419260631963542
1,7,6,1.36228010790154,1.36179804206807,1.36276217373502,1.36214718002784,1.36214718002784,-2.72599681123808,37,0,0.00402190384643006
1,7,7,1.361917098336,1.36013655768804,1.36369763898397,1.36142612082641,1.36142612082641,-13.7383922976217,37,0,0.0148551562536197
1,7,8,1.36196960871248,1.36067712847157,1.36326208895338,1.36161321205812,1.36161321205812,-9.59922442415671,37,-6.39289582810928e-16,0.0107832393240966
1,7,9,1.36171876853003,1.36109164057942,1.36234589648065,1.36154584031312,1.36154584031312,-3.95679282847331,37,-6.39289582810928e-16,0.00523216569531505
1,7,10,1.36228431773911,1.36204084910695,1.36252778637126,1.36221718216272,1.36221718216272,-0.702510820706235,37,6.39289582810928e-16,0.00203127324142981
1,7,11,1.36145563718055,1.36161809811145,1.36129317624964,1.36150043518241,1.36150043518241,2.7392452003023,37,6.39289582810928e-16,-0.00135542118430097
1,7,12,1.36222267192323,1.36213007293515,1.36231527091131,1.36219713809416,1.36219713809416,0.576914360461788,37,0,0.000772558850823869
1,7,13,1.36149853133024,1.36198027665713,1.36101678600335,1.36163137082544,1.36163137082544,5.44705731619021,37,0,-0.00401922984099191
1,7,14,1.36030277926853,1.36120604289163,1.35939951564542,1.36055185087759,1.36055185087759,9.02065032066646,37,6.39289582810928e-16,-0.00753598199219419
1,7,15,1.3610982268884,1.360916591926,1.3612798618508,1.36104814171815,1.36104814171815,-0.179301388493618,37,0,0.00151539126646248
1,7,16,1.36066318892045,1.36292872779813,1.35839765004277,1.36128790290118,1.36128790290118,20.5741184058169,37,6.39289582810928e-16,-0.0189015252558552
1,7,17,1.36121273800032,1.36279154847139,1.35963392752925,1.36164808915846,1.36164808915846,14.7507001489756,37,-6.39289582810928e-16,-0.0131721094204307
1,7,18,1.36126774030545,1.36321315415066,1.35932232646025,1.36180418099045,1.36180418099045,17.859824512581,37,6.39289582810928e-16,-0.0162307031190354
1,7,19,1.36097345126092,1.36300836422118,1.35893853830065,1.36153457099644,1.36153457099644,18.618549305508,37,-1.27857916562186e-15,-0.0169773995453473
1,7,20,1.36145817714749,1.36385678492126,1.35905956937373,1.36211958438501,1.36211958438501,21.7034366345265,37,0,-0.0200117269499806
1,7,21,1.36406911825605,1.3592860126111,1.368852223901,1.36275019453456,1.36275019453456,-39.2002253249917,37,0,0.039905734145659
1,7,22,1.36449169042079,1.36005717988477,1.36892620095681,1.36326889051351,1.36326889051351,-36.2434568784239,37,6.39289582810928e-16,0.0369973844719922
1,7,23,1.36453902603374,1.36022114483282,1.36885690723466,1.363348386235,1.363348386235,-35.2543060103547,37,0,0.0360243390104483
1,7,24,1.36421947669082,1.35982006248131,1.36861889090032,1.36300635446599,1.36300635446599,-35.9460861320638,37,-6.39289582810928e-16,0.0367045737378551
1,7,25,1.3640893683749,1.35982885555424,1.36834988119556,1.36291454769519,1.36291454769519,-34.768229122012,37,-1.27857916562186e-15,0.0355457112106549
1,8,1,1.35985819309518,1.36044951631376,1.3592668698766,1.36002077613666,1.36002077613666,0.567260008514661,37,0,-0.0049439372244489
1,8,2,1.36107369898147,1.36056913488148,1.36157826308147,1.36093497017221,1.36093497017221,2.03738164207291,37,-6.40344496504679e-16,0.00421856128374789
1,8,3,1.36213067412844,1.363203659097,1.36105768915988,1.36242568902753,1.36242568902753,-0.0760775873474651,37,0,-0.0089710164604829
1,8,4,1.36137485101369,1.36253756341636,1.36021213861101,1.36169453627694,1.36169453627694,-0.197102324568552,37,0,-0.00972120990397287
1,8,5,1.36157113102555,1.36238509680012,1.36075716525098,1.36179492915682,1.36179492915682,0.27054717837255,37,0,-0.00680540788160057
1,8,6,1.36159696984738,1.36142822207418,1.36176571762057,1.36155057301169,1.36155057301169,1.58778321534115,37,6.40344496504679e-16,0.00141086696955637
1,8,7,1.3612335246486,1.35976843601772,1.36269861327949,1.36083070169464,1.36083070169464,3.32500993761163,37,-6.40344496504679e-16,0.0122493181254018
1,8,8,1.3612863569438,1.36030845424469,1.3622642596429,1.36101748470929,1.36101748470929,2.67204818677024,37,0,0.00817605229097948
1,8,9,1.36103656323515,1.36072254264968,1.36135058382063,1.36095022395357,1.36095022395357,1.78194367147885,37,0,0.00262546440423973
1,8,10,1.36160137750399,1.3616707809224,1.36153197408557,1.36162045982394,1.36162045982394,1.26857438023909,37,6.40344496504679e-16,-0.000580268342274895
1,8,11,1.36077460865687,1.36124846205133,1.36030075526242,1.36090489362399,1.36090489362399,0.725630700217401,37,0,-0.00396179510993681
1,8,12,1.36153997796192,1.36175991354846,1.36132004237537,1.3616004487763,1.3616004487763,1.06674257928179,37,0,-0.00183883821759793
1,8,13,1.36081769730445,1.36161027038806,1.36002512422084,1.36103561356156,1.36103561356156,0.298468093096663,37,0,-0.00662654779660036
1,8,14,1.35962456214883,1.360836828023,1.35841229627465,1.35995787203202,1.35995787203202,-0.265273126474597,37,0,-0.0101355167410054
1,8,15,1.36041757518126,1.36054767292618,1.36028747743634,1.36045334527517,1.36045334527517,1.18603707869488,37,6.40344496504679e-16,-0.00108772167861219
1,8,16,1.3599854673514,1.36255775204843,1.35741318265436,1.36069271147182,1.36069271147182,-2.08785509941953,37,-6.40344496504679e-16,-0.0215063668497366
1,8,17,1.36053338860249,1.36242071294262,1.35864606426236,1.36105230435254,1.36105230435254,-1.1691995877053,37,-6.40344496504679e-16,-0.0157795479131753
1,8,18,1.36058860339269,1.36284188766818,1.35833531911719,1.36120813903636,1.36120813903636,-1.6596699793649,37,-6.40344496504679e-16,-0.0188392670147981
1,8,19,1.36029494611922,1.36263730706933,1.35795258516911,1.36093897320214,1.36093897320214,-1.77936028532529,37,-6.40344496504679e-16,-0.019584019586027
1,8,20,1.36077907216208,1.36348486053713,1.35807328378703,1.36152302283036,1.36152302283036,-2.26600723782452,37,0,-0.0226225648656441
1,8,21,1.36337889981458,1.35891876034454,1.36783903928462,1.36215259410273,1.36215259410273,7.34166342484138,37,-1.28068899300936e-15,0.0372903496079411
1,8,22,1.36380097624412,1.35968913935227,1.36791281313597,1.36267043557369,1.36267043557369,6.87522747425326,37,6.40344496504679e-16,0.0343782601997034
1,8,23,1.36384832322684,1.35985293669986,1.36784370975383,1.36274980033266,1.36274980033266,6.7191870085352,37,-6.40344496504679e-16,0.0334046415837301
1,8,24,1.3635293057701,1.35945226432368,1.36760634721651,1.36240833203223,1.36240833203223,6.82831666291916,37,-6.40344496504679e-16,0.0340873423183604
1,8,25,1.36339956242587,1.35946104840857,1.36733807644316,1.36231667650536,1.36231667650536,6.64250743772327,37,0,0.0329291417067495
1,9,1,1.35977550196659,1.35885891018743,1.36069209374575,1.35951994019535,1.35951994019535,1.09369762993115,37,6.41236540318708e-16,0.00765633015743357
1,9,2,1.36099532861173,1.35897800089752,1.36301265632593,1.36043286246754,1.36043286246754,0.775384288235942,37,0,0.0168508242893569
1,9,3,1.36204545832426,1.3616008993786,1.36249001726992,1.36192150753815,1.36192150753815,1.23299422641847,37,-6.41236540318708e-16,0.00371341980126286
1,9,4,1.36128942773255,1.36093774307178,1.36164111239333,1.36119137191657,1.36119137191657,1.259198717022,37,0,0.00293763694525833
1,9,5,1.36148712521942,1.36078594926635,1.36218830117248,1.36129162513684,1.36129162513684,1.15794241779798,37,-1.28247308063742e-15,0.00585695259021466
1,9,6,1.36151707578963,1.35983329707571,1.36320085450355,1.36104760892304,1.36104760892304,0.872732136445961,37,-1.28247308063742e-15,0.01406467528836
1,9,7,1.36115914319057,1.35818083538993,1.36413745099122,1.36032873904105,1.36032873904105,0.496584727534152,37,-1.28247308063742e-15,0.0248779318674576
1,9,8,1.36120992243088,1.35871847060274,1.36370137425901,1.36051526221612,1.36051526221612,0.637965163115126,37,0,0.020811203200007
1,9,9,1.36095740277774,1.35913073170175,1.36278407385374,1.3604480950289,1.3604480950289,0.830692170359162,37,6.41236540318708e-16,0.0152582612727156
1,9,10,1.36152048462525,1.36007478555048,1.36296618370002,1.3611173985136,1.3611173985136,0.941847799177923,37,0,0.012075985925705
1,9,11,1.36069220544755,1.35965433030511,1.36173008059,1.36040282775973,1.36040282775973,1.05940692707246,37,-6.41236540318708e-16,0.00866941525489488
1,9,12,1.36145846804901,1.36016352484849,1.36275341124953,1.36109741530394,1.36109741530394,0.985548778441511,37,0,0.0108167156892704
1,9,13,1.36073394907509,1.36001454203946,1.36145335611072,1.36053336584879,1.36053336584879,1.15189693185576,37,-6.41236540318708e-16,0.00600923759910354
1,9,14,1.35953932138665,1.35924451275198,1.35983413002131,1.35945712359853,1.35945712359853,1.27395917987448,37,-6.41236540318708e-16,0.00246254907754903
1,9,15,1.36033669187037,1.3589566336504,1.36171675009033,1.35995190757366,1.35995190757366,0.959718921994783,37,-6.41236540318708e-16,0.0115276850706837
1,9,16,1.35989444774901,1.36095784261464,1.35883105288337,1.36019094078066,1.36019094078066,1.66858785894327,37,6.41236540318708e-16,-0.00888258258925369
1,9,17,1.36044511680754,1.36082140824051,1.36006882537457,1.36055003342069,1.36055003342069,1.46967893935088,37,0,-0.00314317836110363
1,9,18,1.36049878594108,1.3612407243893,1.35975684749286,1.36070565131811,1.36070565131811,1.57587645784725,37,0,-0.00619744344780934
1,9,19,1.36020482089908,1.36103704657194,1.35937259522621,1.36043685992873,1.36043685992873,1.60179201502912,37,6.41236540318708e-16,-0.00695161647948401
1,9,20,1.36068731629068,1.36188085992171,1.35949377265965,1.36102009706761,1.36102009706761,1.70716167570195,37,6.41236540318708e-16,-0.00996972076800387
1,9,21,1.36331658922028,1.35733490919973,1.36929826924082,1.36164879252408,1.36164879252408,-0.373108204510689,37,-6.41236540318708e-16,0.0499652278960914
1,9,22,1.36373711220176,1.35810188864798,1.36937233575554,1.36216591360989,1.36216591360989,-0.272114665792993,37,1.28247308063742e-15,0.0470712622780012
1,9,23,1.363783960711,1.35826496318405,1.36930295823794,1.36224516796211,1.36224516796211,-0.238328507594523,37,0,0.046100421327235
1,9,24,1.36346535649322,1.35786605891106,1.36906465407538,1.36190417468869,1.36190417468869,-0.261957453779694,37,6.41236540318708e-16,0.0467711711074396
1,9,25,1.36333506164797,1.35787480423318,1.36879531906277,1.36181264666665,1.36181264666665,-0.221725711017873,37,-6.41236540318708e-16,0.0456097626694418
1,10,1,1.35944523234308,1.36018670740923,1.35870375727694,1.35964881165958,1.35964881165958,0.723356057728934,37,1.28201353738752e-15,-0.00620717004579599
1,10,2,1.36065888319009,1.36030623876134,1.36101152761884,1.36056206117267,1.36056206117267,1.66318194007816,37,0,0.00295212075888148
1,10,3,1.36171530587451,1.36293884210753,1.3604917696415,1.36205123985449,1.36205123985449,0.312080344292812,37,-1.28201353738752e-15,-0.0102426875862214
1,10,4,1.36096038824498,1.36227323208679,1.35964754440317,1.36132084251267,1.36132084251267,0.234711113170354,37,-6.41006768693758e-16,-0.0109903155773454
1,10,5,1.361156296704,1.36212087663614,1.36019171677186,1.36142113166913,1.36142113166913,0.533672162854399,37,-6.41006768693758e-16,-0.00807486581125733
1,10,6,1.36118169396209,1.36116469958127,1.3611986883429,1.36117702798667,1.36117702798667,1.37576066250448,37,0,0.000142266431259235
1,10,7,1.36081812274285,1.35950612369859,1.36213012178711,1.36045790042269,1.36045790042269,2.48634267138682,37,-6.41006768693758e-16,0.0109832434554302
1,10,8,1.36087109857209,1.36004574819054,1.36169644895364,1.36064449045779,1.36064449045779,2.06891438544324,37,-6.41006768693758e-16,0.00690932224095696
1,10,9,1.36062186994938,1.36045953467774,1.36078420522103,1.36057729919421,1.36057729919421,1.49988442059468,37,6.41006768693758e-16,0.00135897035724747
1,10,10,1.36118619637619,1.36140708157636,1.36096531117603,1.36124684259361,1.36124684259361,1.17169542174115,37,-1.28201353738752e-15,-0.00184911409785084
1,10,11,1.36036054639071,1.36098507062402,1.3597360221574,1.36053201569879,1.36053201569879,0.824599976374995,37,0,-0.005228130102886
1,10,12,1.36112493043039,1.36149614921454,1.36075371164624,1.36122685222088,1.36122685222088,1.042667492289,37,-6.41006768693758e-16,-0.00310761375885894
1,10,13,1.36040371914964,1.36134661516112,1.35946082313816,1.36066260057978,1.36066260057978,0.551521569133166,37,0,-0.0078933414567336
1,10,14,1.35921212992608,1.36057373672396,1.3578505231282,1.35958597254588,1.35958597254588,0.191130580383601,37,0,-0.0113985288458418
1,10,15,1.36000377879858,1.36028479245426,1.3597227651429,1.36008093387845,1.36008093387845,1.11893060930671,37,6.41006768693758e-16,-0.00235247228884653
1,10,16,1.35957319075563,1.36229340599904,1.35685297551223,1.36032005276793,1.36032005276793,-0.974017711959299,37,0,-0.0227719573427118
1,10,17,1.36012019575993,1.3621564668104,1.35808392470946,1.36067927412625,1.36067927412625,-0.386735539407295,37,-1.28201353738752e-15,-0.0170464001375818
1,10,18,1.36017550053784,1.36257733445144,1.35777366662425,1.36083494780557,1.36083494780557,-0.700285628111152,37,6.41006768693758e-16,-0.0201066660284468
1,10,19,1.35988221779307,1.36237290301523,1.35739153257091,1.36056606006677,1.36056606006677,-0.776801778095022,37,6.41006768693758e-16,-0.020850474156636
1,10,20,1.36036594026313,1.36321983851966,1.35751204200659,1.3611495062695,1.3611495062695,-1.08790760164389,37,6.41006768693758e-16,-0.0238910687364842
1,10,21,1.36295977912871,1.35865706753611,1.36726249072132,1.36177842708455,1.36177842708455,5.05412673874318,37,0,0.0360196367115491
1,10,22,1.36338151689474,1.35942688484947,1.36733614894001,1.36229573353463,1.36229573353463,4.75594149419314,37,6.41006768693758e-16,0.033105730312777
1,10,23,1.36342885832007,1.35959056277007,1.36726715387006,1.36237501629592,1.36237501629592,4.65618725275618,37,1.28201353738752e-15,0.0321318332235181
1,10,24,1.36311017295157,1.35919018252986,1.36703016337328,1.362033900792,1.362033900792,4.72595214253175,37,-6.41006768693758e-16,0.0328157320944594
1,10,25,1.36298063664799,1.35919896021015,1.36676231308583,1.36194233996134,1.36194233996134,4.60716719642108,37,-1.28201353738752e-15,0.0316578530817046
1,11,1,1.35814673201273,1.36136099755348,1.35493246647199,1.35900865910962,1.35900865910962,0.960224668912294,37,0,-0.0270571308256759
1,11,2,1.3593484461483,1.36148091860484,1.35721597369177,1.3599202830953,1.3599202830953,1.09535101698392,37,0,-0.017950783937155
1,11,3,1.36041189255432,1.36412210483345,1.35670168027519,1.36140681113153,1.36140681113153,0.901092242096957,37,0,-0.0312319246045218
1,11,4,1.35966032785545,1.36345432477348,1.35586633093742,1.36067771385163,1.36067771385163,0.889968243651038,37,-6.42149755379759e-16,-0.0319372091888643
1,11,5,1.35985312733511,1.36330147260959,1.35640478206063,1.36077782449962,1.36077782449962,0.932952285289139,37,-1.28429951075952e-15,-0.0290275734972595
1,11,6,1.35987167243604,1.36234217820123,1.35740116667084,1.36053415530655,1.36053415530655,1.05402614146599,37,-6.42149755379759e-16,-0.0207962898046601
1,11,7,1.35950050116135,1.36067819498599,1.35832280733672,1.35981630774498,1.35981630774498,1.21370347522828,37,-6.42149755379759e-16,-0.00991362271779845
1,11,8,1.3595566363848,1.36121957877585,1.35789369399374,1.3600025656614,1.3600025656614,1.15368644343473,37,0,-0.0139983611372439
1,11,9,1.35931287779294,1.3616347143006,1.35699104128528,1.3599354939941,1.3599354939941,1.07187241539252,37,6.42149755379759e-16,-0.0195448177343154
1,11,10,1.35987779678478,1.36258535041645,1.35717024315311,1.36060384564783,1.36060384564783,1.0246860357394,37,6.42149755379759e-16,-0.0227917177037863
1,11,11,1.35905792103961,1.36216196361295,1.35595387846627,1.35989029110049,1.35989029110049,0.974781323765112,37,0,-0.026129292969305
1,11,12,1.35981778837249,1.36267470843528,1.35696086830969,1.36058389085672,1.36058389085672,1.00613464953739,37,0,-0.0240490584606804
1,11,13,1.35910312983204,1.36252468686702,1.35568157279707,1.36002064354851,1.36002064354851,0.935518638409429,37,6.42149755379759e-16,-0.0288020747350625
1,11,14,1.3579187458059,1.36174928867133,1.35408820294047,1.35894593184564,1.35894593184564,0.883702318916374,37,-6.42149755379759e-16,-0.0322448466467559
1,11,15,1.35870008160475,1.36145940237794,1.35594076083157,1.35944001217778,1.35944001217778,1.01709961303616,37,6.42149755379759e-16,-0.0232274845384477
1,11,16,1.35828785383113,1.36347456445725,1.35310114320502,1.35967870545048,1.35967870545048,0.716179550430114,37,0,-0.0436608320584349
1,11,17,1.35882816471589,1.36333717881588,1.35431915061591,1.3600372874171,1.3600372874171,0.800617845602573,37,-6.42149755379759e-16,-0.0379561000332849
1,11,18,1.3588857865303,1.36375941858063,1.35401215447998,1.36019268400693,1.36019268400693,0.755536220144272,37,6.42149755379759e-16,-0.0410253908117709
1,11,19,1.3585941793537,1.3635543206517,1.35363403805571,1.35992427487161,1.35992427487161,0.744534876054903,37,6.42149755379759e-16,-0.0417536106810073
1,11,20,1.35907864892656,1.36440401735746,1.35375328049566,1.36050668257633,1.36050668257633,0.699804682314235,37,-6.42149755379759e-16,-0.0448280294528165
1,11,21,1.36161379348821,1.35982637070835,1.36340121626806,1.36113448395139,1.36113448395139,1.58289450324195,37,6.42149755379759e-16,0.0150462154984708
1,11,22,1.36203639893464,1.36059869780029,1.36347410006898,1.36165086962811,1.36165086962811,1.54002200536588,37,-6.42149755379759e-16,0.0121023192350149
1,11,23,1.36208436986899,1.36076290934794,1.36340583039003,1.36173001127101,1.36173001127101,1.52567953342167,37,-6.42149755379759e-16,0.0111238258773694
1,11,24,1.36176627765465,1.36036122377758,1.36317133153171,1.3613895029315,1.3613895029315,1.53571019437286,37,6.42149755379759e-16,0.0118275002755681
1,11,25,1.36163816370365,1.36037003007509,1.36290629733221,1.36129810507344,1.36129810507344,1.51863152450935,37,-1.28429951075952e-15,0.0106749293290889
1,12,1,1.3587306760748,1.36179497093918,1.35566638121042,1.35955361795563,1.35955361795563,0.957904713087751,37,-6.4117647859382e-16,-0.0257496270711517
1,12,2,1.35993482309055,1.3619150360087,1.3579546101724,1.36046662574513,1.36046662574513,1.10091250801815,37,6.4117647859382e-16,-0.0166399600627571
1,12,3,1.36099932373415,1.36455939414723,1.35743925332107,1.36195541026344,1.36195541026344,0.895323298815664,37,-6.4117647859382e-16,-0.0299156868189568
1,12,4,1.36024649440243,1.36389081212253,1.35660217668234,1.36122520624696,1.36122520624696,0.883550476481142,37,-6.4117647859382e-16,-0.0306236267638503
1,12,5,1.36043975879238,1.36373777639215,1.35714174119261,1.36132546885837,1.36132546885837,0.929041626797756,37,-1.28235295718764e-15,-0.027713626470878
1,12,6,1.36045875800665,1.36277732992741,1.35814018608589,1.36108142978653,1.36108142978653,1.05717729717341,37,6.4117647859382e-16,-0.0194832302175554
1,12,7,1.3600875404241,1.36111134836582,1.35906373248238,1.36036249256495,1.36036249256495,1.22616805084646,37,-6.4117647859382e-16,-0.00860317751995203
1,12,8,1.3601435570812,1.36165338232589,1.3586337318365,1.36054903321244,1.36054903321244,1.16265043568443,37,0,-0.0126872375910656
1,12,9,1.35989911453201,1.36206901640408,1.35772921265994,1.36048185973338,1.36048185973338,1.07606448178529,37,-1.28235295718764e-15,-0.0182339384620691
1,12,10,1.36046478962611,1.36302079417821,1.35790878507401,1.36115122591459,1.36115122591459,1.02612588578797,37,1.28235295718764e-15,-0.021478404305581
1,12,11,1.35964340207516,1.36259689891196,1.35668990523836,1.36043658822384,1.36043658822384,0.973310406661006,37,-6.4117647859382e-16,-0.024818578325269
1,12,12,1.36040461840235,1.36311025951078,1.35769897729392,1.36113124083301,1.36113124083301,1.0064924621699,37,-6.4117647859382e-16,-0.022735817737503
1,12,13,1.35968854714106,1.36296005777541,1.35641703650671,1.36056713854095,1.36056713854095,0.931757666311758,37,-1.28235295718764e-15,-0.0274908853495103
1,12,14,1.35850205015872,1.36218372837191,1.35482037194554,1.35949079547451,1.35949079547451,0.876919082291246,37,-6.4117647859382e-16,-0.0309375713439168
1,12,15,1.35928512721082,1.36189349394207,1.35667676047956,1.35998562579816,1.35998562579816,1.01809697360553,37,0,-0.0219184098029965
1,12,16,1.35887117366079,1.36391107611297,1.35383127120861,1.36022468139641,1.36022468139641,0.699625297150562,37,6.4117647859382e-16,-0.0423508880059284
1,12,17,1.35941266132228,1.36377352547949,1.35505179716507,1.36058380767418,1.36058380767418,0.788988582495142,37,-6.4117647859382e-16,-0.0366448500310311
1,12,18,1.35947021928232,1.36419627232946,1.35474416623517,1.36073944014898,1.36073944014898,0.741277503636911,37,1.28235295718764e-15,-0.0397135748576396
1,12,19,1.35917809802363,1.36399092808993,1.35436526795733,1.36047062358078,1.36047062358078,0.72963448965819,37,-6.4117647859382e-16,-0.0404427722686243
1,12,20,1.35966320109677,1.36484164523166,1.35448475696189,1.36105391535395,1.36105391535395,0.682295340299461,37,0,-0.0435150699209524
1,12,21,1.36220557171786,1.36025850109713,1.36415264233859,1.361682669703,1.361682669703,1.61689269913146,37,-6.4117647859382e-16,0.016361461472831
1,12,22,1.36262871627715,1.36103175570866,1.36422567684563,1.36219983922974,1.36219983922974,1.57151959853404,37,-1.28235295718764e-15,0.0134194458776932
1,12,23,1.3626767152331,1.36119616446475,1.36415726600145,1.36227910100605,1.36227910100605,1.55634058040869,37,1.28235295718764e-15,0.0124412407526366
1,12,24,1.3623581393748,1.36079399649356,1.36392228225605,1.36193807579035,1.36193807579035,1.56695629469976,37,0,0.0131436750249467
1,12,25,1.36222975669833,1.36080281336691,1.36365670002974,1.36184653919448,1.36184653919448,1.54888148580883,37,0,0.0119907712089405
1,13,1,1.35959565920586,1.36279561776741,1.35639570064431,1.36045397535829,1.36045397535829,0.959684638109487,37,0,-0.0268275957844759
1,13,2,1.36080231834748,1.362916014911,1.35868862178396,1.36136926940853,1.36136926940853,1.09664560045668,37,6.39574920479937e-16,-0.0177206660419101
1,13,3,1.36186994746501,1.36556768677359,1.35817220815643,1.3628617819888,1.3628617819888,0.899749368651447,37,0,-0.0310008562857553
1,13,4,1.36111533531363,1.36489725559526,1.35733341503199,1.36212974947009,1.36212974947009,0.888474339361865,37,6.39574920479937e-16,-0.0317066070242418
1,13,5,1.36130894127954,1.36474379660107,1.35787408595801,1.36223026314888,1.36223026314888,0.932041976557283,37,1.27914984095987e-15,-0.0287969073260982
1,13,6,1.36132763599141,1.36378069374864,1.35887457823418,1.36198561297935,1.36198561297935,1.0547596559271,37,-6.39574920479937e-16,-0.0205657794253352
1,13,7,1.36095506143516,1.3621101044415,1.35980001842882,1.3612648754687,1.3612648754687,1.21660493339679,37,0,-0.00968357130002076
1,13,8,1.36101138679316,1.36265363755056,1.35936913603576,1.36145188323219,1.36145188323219,1.15577304865356,37,0,-0.0137681906339861
1,13,9,1.36076659163033,1.36307042118293,1.35846276207773,1.36138454154418,1.36138454154418,1.07284822922292,37,6.39574920479937e-16,-0.0193146901138614
1,13,10,1.36133376704348,1.36402483136903,1.35864270271792,1.36205558388373,1.36205558388373,1.02502119874958,37,-1.27914984095987e-15,-0.0225611627673875
1,13,11,1.36051054359082,1.36359976369993,1.35742132348172,1.36133915667035,1.36133915667035,0.974438929079752,37,0,-0.0258991942496804
1,13,12,1.36127350442767,1.36411454414341,1.35843246471192,1.36203554875756,1.36203554875756,1.00621793984884,37,-1.27914984095987e-15,-0.023818516282536
1,13,13,1.3605559110978,1.36396392698245,1.35714789521315,1.36147003389822,1.36147003389822,0.934643173126966,37,-6.39574920479937e-16,-0.0285718926735637
1,13,14,1.35936670349802,1.36318545041932,1.35554795657673,1.36039099556354,1.36039099556354,0.882123341988652,37,-6.39574920479937e-16,-0.0320153517107309
1,13,15,1.36015128251615,1.36289441326367,1.35740815176864,1.36088706499068,1.36088706499068,1.01733177496927,37,0,-0.0229976737082332
1,13,16,1.35973720162466,1.36491757563153,1.35455682761778,1.36112671920752,1.36112671920752,0.71232611210434,37,0,-0.0434308686177781
1,13,17,1.36027975045648,1.36477964456268,1.35577985635028,1.36148674477259,1.36148674477259,0.797910828414789,37,0,-0.0377259073303962
1,13,18,1.36033757762016,1.36520356063923,1.35547159460109,1.36164276696632,1.36164276696632,0.752217128443912,37,6.39574920479937e-16,-0.0407950987548367
1,13,19,1.36004478391349,1.36499764846184,1.35509191936514,1.36137327725516,1.36137327725516,0.74106641879257,37,0,-0.0415234902335886
1,13,20,1.36053118594705,1.36585071850362,1.35521165339048,1.36195802964794,1.36195802964794,0.695728921937767,37,6.39574920479937e-16,-0.0445975366383998
1,13,21,1.36307713092055,1.36125489838128,1.36489936345982,1.36258835845933,1.36258835845933,1.59080847851074,37,0,0.0152771097026886
1,13,22,1.3635014196888,1.36203029164823,1.36497254772936,1.36310682302911,1.36310682302911,1.54735389951019,37,1.27914984095987e-15,0.0123335435945217
1,13,23,1.36354957586365,1.36219515512347,1.36490399660383,1.36318628328466,1.36318628328466,1.53281669941599,37,6.39574920479937e-16,0.0113551008367149
1,13,24,1.36323020292492,1.36179187484244,1.3646685310074,1.36284440410849,1.36284440410849,1.54298354693653,37,6.39574920479937e-16,0.0120585575281988
1,13,25,1.36310156014352,1.36180071610136,1.36440240418568,1.36275263829604,1.36275263829604,1.52567299948597,37,6.39574920479937e-16,0.0109059281457723
1,14,1,1.35963675300734,1.36132728143094,1.35794622458373,1.36009677812745,1.36009677812745,0.915172011350305,37,-6.40209345457847e-16,-0.0141548490463116
1,14,2,1.36084815626367,1.36144719129328,1.36024912123406,1.36101116515344,1.36101116515344,1.20335305238849,37,-6.40209345457847e-16,-0.00501573963454353
1,14,3,1.36190929600226,1.36408813109088,1.35973046091363,1.36250219870615,1.36250219870615,0.789061563151661,37,0,-0.0182434565108405
1,14,4,1.36115421594953,1.3634204133369,1.35888801856217,1.36177089160596,1.36177089160596,0.765337652172044,37,6.40209345457847e-16,-0.0189749438574596
1,14,5,1.36134930857437,1.3632675754346,1.35943104171413,1.36187130567922,1.36187130567922,0.857008788438755,37,6.40209345457847e-16,-0.016061710325645
1,14,6,1.361372128616,1.36230837053144,1.36043588670057,1.36162689794942,1.36162689794942,1.11522038383433,37,-6.40209345457847e-16,-0.00783918377165527
1,14,7,1.36100494782867,1.36064454257109,1.36136535308625,1.36090687466433,1.36090687466433,1.45576078125134,37,-6.40209345457847e-16,0.00301768485246994
1,14,8,1.36105923597896,1.36118587584813,1.36093259610979,1.3610936971097,1.3610936971097,1.32776375514123,37,6.40209345457847e-16,-0.00106035971138078
1,14,9,1.36081162577456,1.36160097263942,1.36002227890969,1.36102642215494,1.36102642215494,1.15328074639276,37,-6.40209345457847e-16,-0.00660922677273775
1,14,10,1.36137726122595,1.36255152005792,1.36020300239398,1.36169679951509,1.36169679951509,1.05264737469791,37,-6.40209345457847e-16,-0.0098321070949233
1,14,11,1.36055224111069,1.36212817275774,1.35897630946363,1.36098108225592,1.36098108225592,0.946216674433297,37,0,-0.0131953265380992
1,14,12,1.36131635973624,1.36264086973937,1.35999184973311,1.36167678424302,1.36167678424302,1.01308323443442,37,-1.28041869091569e-15,-0.0110901649998059
1,14,13,1.36059627689761,1.36249086216859,1.35870169162663,1.36111182978905,1.36111182978905,0.862481994252658,37,0,-0.0158634236145818
1,14,14,1.35940516433372,1.36171553632,1.35709479234744,1.36003386074347,1.36003386074347,0.751974449962617,37,-6.40209345457847e-16,-0.019344819199744
1,14,15,1.36019437876002,1.36142567707392,1.35896308044611,1.36052943858323,1.36052943858323,1.03646797502067,37,6.40209345457847e-16,-0.0103097005178686
1,14,16,1.35977000127311,1.36344065113224,1.35609935141398,1.36076885531116,1.36076885531116,0.394702263531727,37,0,-0.03073446972704
1,14,17,1.36031548966312,1.36330327830938,1.35732770101686,1.36112852410353,1.36112852410353,0.574781990051027,37,-6.40209345457847e-16,-0.0250168507548572
1,14,18,1.36037178841581,1.36372547867783,1.35701809815379,1.36128439168475,1.36128439168475,0.478637382121704,37,-6.40209345457847e-16,-0.0280805567917533
1,14,19,1.36007858549993,1.36352039988518,1.35663677111469,1.36101516902843,1.36101516902843,0.45517505343645,37,-6.40209345457847e-16,-0.0288184229193969
1,14,20,1.36056352168134,1.36437001731156,1.35675702605112,1.36159934195213,1.36159934195213,0.359779936333215,37,0,-0.0318719107522824
1,14,21,1.36313984046945,1.35979279777134,1.36648688316755,1.3622290461298,1.3622290461298,2.24312650461527,37,0,0.028024896524555
1,14,22,1.3635627193165,1.36056505280273,1.36656038583028,1.3627469969194,1.3627469969194,2.15169325531821,37,1.28041869091569e-15,0.0250995584583428
1,14,23,1.36361039274865,1.36072924902892,1.36649153646838,1.36282637843263,1.36282637843263,2.12110537549369,37,-6.40209345457847e-16,0.0241239093434507
1,14,24,1.3632913236999,1.36032760093709,1.36625504646272,1.36248483804671,1.36248483804671,2.14249754923675,37,0,0.0248153463361355
1,14,25,1.36316208412548,1.36033640641294,1.36598776183801,1.36239316317096,1.36239316317096,2.10607423926759,37,-6.40209345457847e-16,0.0236594906752382
1,15,1,1.35893309387504,1.36063002732743,1.35723616042265,1.35939481940616,1.35939481940616,0.91593607627222,37,0,-0.0142364397688881
1,15,2,1.3601420972881,1.36074970579943,1.35953448877677,1.36030742396147,1.36030742396147,1.20152140535117,37,1.28291956465806e-15,-0.00509753753891885
1,15,3,1.36120120335058,1.3633855493693,1.35901685733185,1.36179555095108,1.36179555095108,0.790961533466222,37,1.28291956465806e-15,-0.0183255922535756
1,15,4,1.3604476031299,1.36271912011184,1.35817608614796,1.36106566943265,1.36106566943265,0.767451309130346,37,0,-0.0190569139006429
1,15,5,1.36064230461832,1.3625665771412,1.35871803209544,1.3611658877626,1.3611658877626,0.858296742693415,37,-6.4145978232903e-16,-0.0161437031206475
1,15,6,1.36066505348568,1.36160922321799,1.35972088375337,1.36092195647177,1.36092195647177,1.1141825677199,37,6.4145978232903e-16,-0.00792112118875823
1,15,7,1.36029855614538,1.35994860595036,1.36064850634039,1.3602033367722,1.3602033367722,1.45165564058636,37,-6.4145978232903e-16,0.00293591057823186
1,15,8,1.3603527512234,1.36048889461531,1.36021660783148,1.36038979503313,1.36038979503313,1.32481151270378,37,6.4145978232903e-16,-0.00114217631584565
1,15,9,1.36010564341841,1.36090319039335,1.35930809644347,1.36032265122156,1.36032265122156,1.15190011196554,37,6.4145978232903e-16,-0.00669102813404424
1,15,10,1.36067018248085,1.36185190353826,1.35948846142343,1.36099172177403,1.36099172177403,1.05217316786032,37,6.4145978232903e-16,-0.00991406035032189
1,15,11,1.35984678753879,1.36142937317236,1.35826420190522,1.36027739970639,1.36027739970639,0.946701113037864,37,6.4145978232903e-16,-0.0132771176262919
1,15,12,1.3606094042156,1.36194108080142,1.35927772762978,1.36097174551896,1.36097174551896,1.01296539077627,37,-6.4145978232903e-16,-0.0111721137201444
1,15,13,1.35989074576651,1.3617913627006,1.35799012883241,1.36040789236534,1.36040789236534,0.863720650101925,37,0,-0.0159452443275486
1,15,14,1.35870197509372,1.36101753300012,1.35638641718731,1.35933202467089,1.35933202467089,0.754208472312285,37,-6.4145978232903e-16,-0.0194263956665005
1,15,15,1.35948961611322,1.36072823309611,1.35825099913034,1.35982663645039,1.35982663645039,1.03613949970339,37,6.4145978232903e-16,-0.0103913892726448
1,15,16,1.35906613489081,1.36273931885426,1.35539295092737,1.36006558646861,1.36006558646861,0.400154317448221,37,-6.4145978232903e-16,-0.0308162127288544
1,15,17,1.3596105374759,1.36260221112006,1.35661886383175,1.36042455413656,1.36042455413656,0.578612025051708,37,0,-0.0250986752504213
1,15,18,1.35966673595036,1.36302359676746,1.35630987513326,1.36058011787556,1.36058011787556,0.483333413399306,37,0,-0.0281624166037916
1,15,19,1.35937410912755,1.36281891371584,1.35592930453926,1.36031142003146,1.36031142003146,0.460082415226776,37,6.4145978232903e-16,-0.0289002217309697
1,15,20,1.35985810627867,1.36366689163348,1.35604932092387,1.36089445419107,1.36089445419107,0.365546543566701,37,0,-0.0319538419257475
1,15,21,1.36242919075891,1.35909850476456,1.36575987675325,1.36152293084779,1.36152293084779,2.23192938240609,37,-6.4145978232903e-16,0.0279428226727256
1,15,22,1.36285125159053,1.3598692695736,1.36583323360747,1.36203987196417,1.36203987196417,2.14131969311083,37,0,0.0250173672492313
1,15,23,1.36289883488659,1.36003314894994,1.36576452082324,1.36211909873415,1.36211909873415,2.1110073252533,37,1.28291956465806e-15,0.0240417001480772
1,15,24,1.36258038793315,1.35963227591938,1.36552849994693,1.36177822413384,1.36177822413384,2.13220681483845,37,6.4145978232903e-16,0.0247332145269776
1,15,25,1.36245140497134,1.35964106440329,1.36526174553938,1.36168672796554,1.36168672796554,2.09611157787833,37,0,0.0235773796377723
1,16,1,1.35941739003677,1.3631247602306,1.35571001984294,1.36034441866618,1.36034441866618,1.78793296408137,38,-6.3966230578053e-16,-0.0311090355434449
1,16,2,1.36062189808166,1.36324526660322,1.35799852956011,1.36127787188461,1.36127787188461,1.66384337561725,38,-1.27932461156106e-15,-0.0220130335827857
1,16,3,1.36169122682187,1.36589934416689,1.35748310947686,1.36274346737266,1.36274346737266,1.84808555095639,38,-1.27932461156106e-15,-0.0353108713758341
1,16,4,1.36093711743984,1.36522830474701,1.35664593013266,1.36201012965063,1.36201012965063,1.85693306500529,38,0,-0.0360079224579418
1,16,5,1.3611301336869,1.36507470652878,1.35718556084503,1.36211647488404,1.36211647488404,1.8170627239929,38,6.3966230578053e-16,-0.0330994344578192
1,16,6,1.36114742907722,1.36411072991153,1.35818412824291,1.36188840302029,1.36188840302029,1.70365990873049,38,6.3966230578053e-16,-0.0248654507537175
1,16,7,1.36077320646716,1.36243862498003,1.3591077879543,1.36118964468635,1.36118964468635,1.55327024149502,38,0,-0.0139747478677779
1,16,8,1.36083019287652,1.36298265120371,1.35867773454932,1.36136841549487,1.36136841549487,1.60962161845896,38,0,-0.0180615636166891
1,16,9,1.3605864586755,1.3633998129586,1.35777310439241,1.36128993845463,1.36128993845463,1.68576739895949,38,-6.3966230578053e-16,-0.0236072293332624
1,16,10,1.36115389393118,1.36435508902318,1.35795269883919,1.36195435337911,1.36195435337911,1.73116332939484,38,-6.3966230578053e-16,-0.0268616530563972
1,16,11,1.36033165258427,1.36392963571596,1.35673366945258,1.36123132895777,1.36123132895777,1.77620374694504,38,0,-0.0301911541811301
1,16,12,1.36109387425258,1.36444488318852,1.35774286531664,1.36193179468097,1.36193179468097,1.74841951014436,38,-1.27932461156106e-15,-0.0281187609125043
1,16,13,1.36037744831146,1.36429412938174,1.35646076724119,1.36135681516575,1.36135681516575,1.81308617428949,38,-6.3966230578053e-16,-0.0328653908989836
1,16,14,1.35918942666532,1.36351494655403,1.3548639067766,1.36027102374472,1.36027102374472,1.85915369816954,38,6.3966230578053e-16,-0.0362960117082202
1,16,15,1.3599720842195,1.36322364535802,1.35672052308097,1.36078513770704,1.36078513770704,1.73580306816999,38,-1.27932461156106e-15,-0.0272842812402119
1,16,16,1.35956166394998,1.36524864321841,1.35387468468155,1.36098369420892,1.36098369420892,2.01688992047128,38,0,-0.0477201981314763
1,16,17,1.360102973702,1.36511058701307,1.35509536039094,1.36135512837274,1.36135512837274,1.93890686443638,38,6.3966230578053e-16,-0.0420195481802154
1,16,18,1.36016128969955,1.36553488768296,1.35478769171614,1.36150495890794,1.36150495890794,1.98126743884453,38,-6.3966230578053e-16,-0.045090574159604
1,16,19,1.35986876782158,1.36532878869394,1.35440874694922,1.36123404708996,1.36123404708996,1.99096408770818,38,-6.3966230578053e-16,-0.0458157600955955
1,16,20,1.36035544164449,1.36618263267444,1.35452825061454,1.36181253188133,1.36181253188133,2.03389004399457,38,0,-0.0488967336390625
1,16,21,1.3628899826198,1.36158264304321,1.3641973221964,1.36256308210744,1.36256308210744,1.21178142322445,38,-6.3966230578053e-16,0.0109700599695346
1,16,22,1.36331455272094,1.36235873977744,1.36427036566444,1.36307555151074,1.36307555151074,1.25283712242727,38,6.3966230578053e-16,0.0080203533171852
1,16,23,1.36336284962494,1.36252375282332,1.36420194642656,1.36315303330844,1.36315303330844,1.26637602909564,38,0,0.00704097267367396
1,16,24,1.36304352026014,1.36212010667054,1.36396693384973,1.36281262051461,1.36281262051461,1.2563109622104,38,0,0.00774848603674427
1,16,25,1.36291513749415,1.36212895595061,1.3637013190377,1.36271855264811,1.36271855264811,1.27204451551075,38,0,0.00659695371735136
1,17,1,1.3583666137122,1.36098038926059,1.35575283816381,1.359071591918,1.359071591918,0.949738524239831,37,-6.42037208777863e-16,-0.0219785696048008
1,17,2,1.35957090368104,1.3611001840035,1.35804162335859,1.35998337570778,1.35998337570778,1.12048882304152,37,0,-0.0128593268205847
1,17,3,1.36063236479976,1.36373858836748,1.35752614123204,1.36147016432655,1.36147016432655,0.875016756859302,37,0,-0.0261194389599559
1,17,4,1.3598801863844,1.36307151165577,1.35668886111303,1.36074093923875,1.36074093923875,0.860960090001827,37,6.42037208777863e-16,-0.0268350374046413
1,17,5,1.36007368863424,1.36291882048546,1.35722855678302,1.36084106743575,1.36084106743575,0.91527620272264,37,6.42037208777863e-16,-0.0239239855409144
1,17,6,1.36009389042471,1.36196053646674,1.35822724438269,1.36059735552843,1.36059735552843,1.06826928966903,37,-6.42037208777863e-16,-0.0156961488095047
1,17,7,1.35972466057147,1.36029830586402,1.35915101527891,1.359879382131,1.359879382131,1.27004305800411,37,6.42037208777863e-16,-0.00482363644369595
1,17,8,1.35978001477038,1.36083911943418,1.35872091010658,1.3600656726977,1.3600656726977,1.19420347336213,37,0,-0.00890574004582583
1,17,9,1.3595349943837,1.3612538177119,1.35781617105551,1.359998589273,1.359998589273,1.09082045492244,37,0,-0.0144531454433228
1,17,10,1.3600996198392,1.36220345255757,1.35799578712083,1.36066705808615,1.36066705808615,1.03119412341772,37,1.28407441755573e-15,-0.0176905908642628
1,17,11,1.35927856134318,1.36178051169187,1.3567766109945,1.3599533784555,1.3599533784555,0.968132813741048,37,0,-0.0210382601215588
1,17,12,1.36003932239931,1.36229271645888,1.35778592833974,1.36064709979704,1.36064709979704,1.00775195405264,37,6.42037208777863e-16,-0.0189482139030063
1,17,13,1.35932326441777,1.36214285290284,1.35650367593271,1.36008375375379,1.36008375375379,0.918519134751617,37,0,-0.0237091979126077
1,17,14,1.35813744732645,1.36136827140564,1.35490662324726,1.35900885365818,1.35900885365818,0.85304225209692,37,-1.28407441755573e-15,-0.0271671727700777
1,17,15,1.35892107673963,1.36107869043886,1.3567634630404,1.35950302060066,1.35950302060066,1.02160765888359,37,6.42037208777863e-16,-0.0181428213673584
1,17,16,1.35850450604859,1.36309173002182,1.35391728207537,1.35974175571535,1.35974175571535,0.641354722734002,37,-1.28407441755573e-15,-0.0385727923158675
1,17,17,1.35904629690318,1.3629544890837,1.35513810472266,1.36010040053998,1.36010040053998,0.748053855336631,37,-6.42037208777863e-16,-0.0328629877655182
1,17,18,1.35910334156563,1.36337628411879,1.35483039901248,1.36025582437023,1.36025582437023,0.691087163589799,37,0,-0.0359300802931404
1,17,19,1.35881140542118,1.36317140221199,1.35445140863037,1.35998736818384,1.35998736818384,0.677185486993871,37,6.42037208777863e-16,-0.0366620970964938
1,17,20,1.3592955653221,1.36402020396335,1.35457092668085,1.36056987798235,1.36056987798235,0.620662876446978,37,6.42037208777863e-16,-0.0397282770887944
1,17,21,1.36184427047573,1.35944737878167,1.36424116216979,1.36119778940852,1.36119778940852,1.73656553306445,37,-1.28407441755573e-15,0.0201548487839865
1,17,22,1.36226655342009,1.3602188924098,1.36431421443038,1.36171426560563,1.36171426560563,1.68239037087599,37,6.42037208777863e-16,0.0172182573478832
1,17,23,1.36231435897801,1.36038293099944,1.36424578695659,1.36179342112174,1.36179342112174,1.66426673026129,37,6.42037208777863e-16,0.0162408835333695
1,17,24,1.36199620730003,1.35998166850977,1.3640107460903,1.36145285309246,1.36145285309246,1.67694181827362,37,-6.42037208777863e-16,0.0169397410771427
1,17,25,1.36186778241851,1.35999046553192,1.36374509930509,1.36136143921271,1.36136143921271,1.65536062390298,37,-6.42037208777863e-16,0.0157858772102677
1,18,1,1.35915675759011,1.36208079198336,1.35623272319685,1.3599431183633,1.3599431183633,0.95552346335989,37,0,-0.0245391278356114
1,18,2,1.36036277385189,1.36220095190528,1.3585245957985,1.36085711520392,1.36085711520392,1.1066209352527,37,0,-0.015426387029107
1,18,3,1.36142790871619,1.36484739910879,1.35800841832358,1.36234751250582,1.36234751250582,0.889401938385738,37,0,-0.0286971015355856
1,18,4,1.36067414883626,1.36417828889872,1.35717000877381,1.36161651746751,1.36161651746751,0.876963150047976,37,0,-0.0294074998381748
1,18,5,1.36086778236167,1.36402513226883,1.35771043245451,1.36171688869229,1.36171688869229,0.925027647578906,37,-6.40482650910876e-16,-0.0264971619938377
1,18,6,1.36088719712771,1.36306392704338,1.35871046721203,1.36147258525565,1.36147258525565,1.06041170732526,37,-1.28096530182175e-15,-0.0182675873401186
1,18,7,1.36051605677566,1.36139662934246,1.35963548420886,1.36075286921743,1.36075286921743,1.23896194415455,37,0,-0.00738995506860367
1,18,8,1.36057194518471,1.36193909151388,1.35920479885554,1.36093961194231,1.36093961194231,1.17185125919984,37,0,-0.0114733871184712
1,18,9,1.36032694666146,1.36235505394646,1.35829883937645,1.36087236569498,1.36087236569498,1.0803673037836,37,6.40482650910876e-16,-0.0170203141405714
1,18,10,1.36089314068196,1.36330758363297,1.35847869773095,1.36154245699307,1.36154245699307,1.02760377709092,37,0,-0.0202625264474474
1,18,11,1.36007061525474,1.36288335348592,1.35725787702357,1.36082704514332,1.36082704514332,0.971800627501935,37,0,-0.0236051064181123
1,18,12,1.36083283775467,1.3633971196439,1.35826855586543,1.36152245026188,1.36152245026188,1.00685972831558,37,-6.40482650910876e-16,-0.0215200071625916
1,18,13,1.36011568651994,1.36324679924791,1.35698457379198,1.36095773688413,1.36095773688413,0.927897328244401,37,0,-0.0262769739222063
1,18,14,1.35892761166742,1.3624698565377,1.35538536679714,1.3598802278273,1.3598802278273,0.869956630594223,37,6.40482650910876e-16,-0.0297272836110886
1,18,15,1.35971205207704,1.36217939282025,1.35724471133383,1.36037559419509,1.36037559419509,1.01912068472937,37,6.40482650910876e-16,-0.0207064561385837
1,18,16,1.35929662998647,1.36419856889788,1.35439469107505,1.3606149087596,1.3606149087596,0.682633675715423,37,6.40482650910876e-16,-0.0411381295196351
1,18,17,1.35983903506134,1.36406090959825,1.35561716052443,1.36097442407484,1.36097442407484,0.777052070895723,37,6.40482650910876e-16,-0.0354308824842166
1,18,18,1.35989651508155,1.36448399042176,1.35530903974134,1.36113022514456,1.36113022514456,0.726642067718865,37,6.40482650910876e-16,-0.0384990833472704
1,18,19,1.3596040110435,1.36427848395857,1.35492953812842,1.36086111737038,1.36086111737038,0.714340430746882,37,-6.40482650910876e-16,-0.0392291857755712
1,18,20,1.36008954528705,1.36512987317393,1.35504921740017,1.361445041017,1.361445041017,0.66432339640871,37,6.40482650910876e-16,-0.0422995196755958
1,18,21,1.36263780282985,1.36054310831732,1.36473249734238,1.36207447648859,1.36207447648859,1.65178913718136,37,6.40482650910876e-16,0.0175791285280897
1,18,22,1.36306131097584,1.36131697380644,1.36480564814523,1.36259220625928,1.36259220625928,1.60384936721606,37,6.40482650910876e-16,0.0146388540733146
1,18,23,1.36310932040726,1.36148151244682,1.36473712836769,1.36267155389899,1.36267155389899,1.58781170111771,37,6.40482650910876e-16,0.0136609157966912
1,18,24,1.36279039860386,1.36107902675958,1.36450177044815,1.36233015925449,1.36233015925449,1.59902792602697,37,6.40482650910876e-16,0.014362201948826
1,18,25,1.36266180796142,1.36108785059834,1.36423576532451,1.36223852349805,1.36223852349805,1.57993065982763,37,0,0.0132089899590904
1,19,1,1.35954855876367,1.36345902691237,1.35563809061497,1.3605243145598,1.3605243145598,1.8428876104387,38,-6.3934312447301e-16,-0.0328060799115499
1,19,2,1.36075289089001,1.36357964421454,1.35792613756548,1.36145823378905,1.36145823378905,1.71014335240047,38,-1.27868624894602e-15,-0.0237144740548546
1,19,3,1.36182349331956,1.36623616493218,1.35741082170693,1.36292456095102,1.36292456095102,1.90723555947001,38,0,-0.0370192140793239
1,19,4,1.36106915972639,1.36556450780141,1.35657381165137,1.36219085712246,1.36219085712246,1.91670014632569,38,0,-0.0377128115026911
1,19,5,1.36126205071749,1.36541076819164,1.35711333324333,1.36229725544694,1.36229725544694,1.87404903513313,38,6.3934312447301e-16,-0.0348048243361324
1,19,6,1.36127880146213,1.36444590420647,1.3581116987178,1.36206906972215,1.36206906972215,1.75273690284406,38,1.27868624894602e-15,-0.0265697665261148
1,19,7,1.36090371585393,1.36277226005476,1.35903517165309,1.36136996254485,1.36136996254485,1.59185825830283,38,0,-0.0156757728332867
1,19,8,1.36096099614031,1.36331678707008,1.35860520521055,1.36154882260169,1.36154882260169,1.65213988077491,38,6.3934312447301e-16,-0.0197634305044756
1,19,9,1.36071754540797,1.36373433283424,1.35770075798171,1.36147030638311,1.36147030638311,1.73359647403461,38,-6.3934312447301e-16,-0.0253087266329207
1,19,10,1.36128540218489,1.36469048825764,1.35788031611214,1.36213505300557,1.36213505300557,1.7821585587202,38,6.3934312447301e-16,-0.0285662794224355
1,19,11,1.36046308826889,1.36426464330854,1.35666153322925,1.36141166762645,1.36141166762645,1.83034033515636,38,0,-0.0318923754589843
1,19,12,1.36122544505087,1.36478036508107,1.35767052502068,1.36211248304538,1.36211248304538,1.80061827752917,38,0,-0.0298232810382079
1,19,13,1.36050907935169,1.36462947250111,1.35638868620226,1.3615372164813,1.3615372164813,1.86979513964952,38,0,-0.0345672031549449
1,19,14,1.35932086052861,1.36384957241343,1.35479214864378,1.36045088299716,1.36045088299716,1.91907565828774,38,0,-0.0379927104224681
1,19,15,1.36010319629119,1.36355800306637,1.35664838951601,1.36096525362223,1.36096525362223,1.7871218976177,38,0,-0.0289834011774877
1,19,16,1.35969399578868,1.36558486499495,1.35380312658241,1.3611639092501,1.3611639092501,2.08781324581912,38,-6.3934312447301e-16,-0.0494202531718802
1,19,17,1.36023511858006,1.36544668170494,1.35502355545517,1.36153552884619,1.36153552884619,2.00439123563251,38,6.3934312447301e-16,-0.043721352492214
1,19,18,1.36029366097535,1.36587137295568,1.35471594899501,1.36168543418177,1.36168543418177,2.04970626237635,38,-6.3934312447301e-16,-0.0467930840994762
1,19,19,1.36000108255118,1.36566508424667,1.35433708085569,1.36141438711562,1.36141438711562,2.06007920723653,38,6.3934312447301e-16,-0.0475169941745103
1,19,20,1.36048813728533,1.36651971421487,1.3544565603558,1.3619931607058,1.3619931607058,2.10599904860555,38,0,-0.0506006920958402
1,19,21,1.36301958344343,1.3619154901622,1.36412367672466,1.36274408563149,1.36274408563149,1.22655218894805,38,0,0.00926256679161602
1,19,22,1.36344450336897,1.36269230131558,1.36419670542235,1.36325681087652,1.36325681087652,1.27047133153184,38,0,0.00631044666130055
1,19,23,1.3634928831402,1.36285746626066,1.36412830001974,1.36333433135571,1.36333433135571,1.28495451374387,38,-6.3934312447301e-16,0.0053307011167624
1,19,24,1.36317339175282,1.36245344854011,1.36389333496554,1.36299374861651,1.36299374861651,1.27418745542477,38,0,0.00603981765608491
1,19,25,1.36304503991524,1.36246230596619,1.3636277738643,1.36289963378821,1.36289963378821,1.29101835062727,38,0,0.00488872834991716
1,20,1,1.36081160995905,1.36298025607617,1.35864296384192,1.36139910885665,1.36139910885665,0.936696068522838,37,-6.37902299637099e-16,-0.0181055831693119
1,20,2,1.36202552877728,1.36310071449373,1.36095034306084,1.36231680286674,1.36231680286674,1.1517547203345,37,-6.37902299637099e-16,-0.00897650578294553
1,20,3,1.36309220452479,1.36575373587705,1.36043067317254,1.36381322891095,1.36381322891095,0.842584593072337,37,-6.37902299637099e-16,-0.0222205812536343
1,20,4,1.36233477725454,1.36508296349483,1.35958659101426,1.36307927695591,1.36307927695591,0.824880332262549,37,0,-0.0229440452018489
1,20,5,1.36253004877829,1.36492942640044,1.36013067115613,1.36318005418803,1.36318005418803,0.893291046945718,37,0,-0.0200319133441668
1,20,6,1.36255165272942,1.36396583339412,1.36113747206472,1.36293476253003,1.36293476253003,1.08598463077018,37,0,-0.0118067053167048
1,20,7,1.36218157075967,1.36229439387058,1.36206874764876,1.36221213519928,1.36221213519928,1.34011709726441,37,0,-0.000941937092431705
1,20,8,1.3622366759578,1.36283820360105,1.36163514831455,1.36239963330916,1.36239963330916,1.24459773980781,37,-1.2758045992742e-15,-0.00502203134362956
1,20,9,1.36198912926889,1.36325519934796,1.36072305918982,1.36233211504691,1.36233211504691,1.11438764517318,37,6.37902299637099e-16,-0.0105701603104642
1,20,10,1.36255711485739,1.36421009526396,1.36090413445082,1.36300491690262,1.36300491690262,1.03928875190112,37,6.37902299637099e-16,-0.0138003955518629
1,20,11,1.36172993251876,1.36378481126432,1.35967505377321,1.36228661117103,1.36228661117103,0.959863530769915,37,6.37902299637099e-16,-0.017155762637645
1,20,12,1.36249621223958,1.36429985369605,1.36069257078311,1.36298482924306,1.36298482924306,1.00976352486154,37,-6.37902299637099e-16,-0.0150582338629497
1,20,13,1.36177453063806,1.36414915988119,1.35939990139494,1.3624178315674,1.3624178315674,0.897375494205624,37,6.37902299637099e-16,-0.019825294186114
1,20,14,1.36058008071324,1.36337028712641,1.35778987430007,1.36133596392483,1.36133596392483,0.814907878000141,37,-6.37902299637099e-16,-0.023294863036491
1,20,15,1.36137045042907,1.36307910185263,1.35966179900552,1.36183333407791,1.36183333407791,1.02721467558724,37,0,-0.0142651814937434
1,20,16,1.36094789481099,1.36510329387261,1.35679249574936,1.36207361668351,1.36207361668351,0.548289107844991,37,-6.37902299637099e-16,-0.034692577418548
1,20,17,1.36149426446522,1.36496529260622,1.35802323632422,1.36243458625875,1.36243458625875,0.682675822058858,37,-6.37902299637099e-16,-0.0289789044849229
1,20,18,1.36155122762453,1.36538942442724,1.35771303082183,1.36259101755271,1.36259101755271,0.610926724041334,37,-6.37902299637099e-16,-0.032044320593692
1,20,19,1.36125718449373,1.36518340745454,1.35733096153291,1.3623208212222,1.3623208212222,0.593417672240997,37,0,-0.0327792329955606
1,20,20,1.36174418109777,1.36603691165099,1.35745145054455,1.36290710687335,1.36290710687335,0.522227890984987,37,6.37902299637099e-16,-0.0358391299718864
1,20,21,1.36431949965654,1.36143875256861,1.36720024674447,1.36353908844741,1.36353908844741,1.92769846743138,37,-6.37902299637099e-16,0.0240507686239146
1,20,22,1.36474421646876,1.36221454045802,1.36727389247949,1.36405891246463,1.36405891246463,1.85946527882971,37,-6.37902299637099e-16,0.0211197479579603
1,20,23,1.36479219847023,1.36237948783757,1.3672049091029,1.36413858107008,1.36413858107008,1.83663869671611,37,0,0.0201432279237152
1,20,24,1.36447198054288,1.36197600231429,1.36696795877147,1.36379580546472,1.36379580546472,1.85260286988979,37,-6.37902299637099e-16,0.0208384120625535
1,20,25,1.36434250097617,1.36198484807281,1.36670015387953,1.36370379903641,1.36370379903641,1.82542152614745,37,-6.37902299637099e-16,0.0196835621953257
1,21,1,1.36113455879955,1.36343158446503,1.35883753313408,1.361756091167,1.361756091167,0.940700023495692,37,0,-0.0191621060439233
1,21,2,1.36234917840083,1.36355219266016,1.36114616414151,1.36267469165561,1.36267469165561,1.14215627908515,37,0,-0.0100357114663679
1,21,3,1.3634173625627,1.36620851280105,1.36062621232435,1.36417259583745,1.36417259583745,0.852541071077165,37,6.37272815179862e-16,-0.0232841616250599
1,21,4,1.36265928931068,1.36553690638278,1.35978167223859,1.36343791890037,1.36343791890037,0.835956599535686,37,6.37272815179862e-16,-0.0240054799204205
1,21,5,1.36285461296658,1.3653831783809,1.36032604755226,1.36353879567808,1.36353879567808,0.900040356716214,37,6.37272815179862e-16,-0.0210936426773302
1,21,6,1.36287589095606,1.36441838724638,1.36133339466574,1.36329326172623,1.36329326172623,1.08054612826445,37,0,-0.0128677175583168
1,21,7,1.36250502247089,1.36274486946075,1.36226517548102,1.36256992059966,1.36256992059966,1.31860479129595,37,0,-0.00200083678786953
1,21,8,1.36256034813745,1.36328935536235,1.36183134091254,1.36275760391616,1.36275760391616,1.22912700499248,37,-6.37272815179862e-16,-0.00608147917556576
1,21,9,1.36231281328292,1.36370686960032,1.36091875696552,1.36269001896082,1.36269001896082,1.10715266039362,37,-1.27454563035972e-15,-0.0116294107578835
1,21,10,1.3628814416466,1.36466295283059,1.36109993046262,1.36336348539581,1.36336348539581,1.03680374994499,37,-1.27454563035972e-15,-0.0148616128844604
1,21,11,1.36205366151212,1.36423714003429,1.35987018298994,1.36264447013718,1.36264447013718,0.962402150596785,37,-1.27454563035972e-15,-0.0182148800579356
1,21,12,1.36282053744319,1.36475282286799,1.36088825201838,1.36334337789408,1.36334337789408,1.00914598479714,37,0,-0.0161193924707987
1,21,13,1.36209841150913,1.36460194168097,1.3595948813373,1.36277582015025,1.36277582015025,0.90386646389303,37,0,-0.0208847952192776
1,21,14,1.36090304062831,1.36382210047851,1.35798398077811,1.36169288386197,1.36169288386197,0.826614900060601,37,-1.27454563035972e-15,-0.0243512013116851
1,21,15,1.36169373708865,1.36353055314597,1.35985692103133,1.36219074530664,1.36219074530664,1.0254933553926,37,0,-0.0153229737928434
1,21,16,1.36127166158678,1.36555726203928,1.35698606113429,1.36243126525826,1.36243126525826,0.576859688387641,37,0,-0.0357510721656149
1,21,17,1.36181827929366,1.3654190891826,1.35821746940473,1.36279259139153,1.36279259139153,0.70274648261067,37,-6.37272815179862e-16,-0.0300384544991554
1,21,18,1.36187542198937,1.36584374836764,1.3579070956111,1.36294917720498,1.36294917720498,0.635535493855891,37,1.27454563035972e-15,-0.0331043279229436
1,21,19,1.36158114713896,1.36563747523416,1.35752481904376,1.3626787139803,1.3626787139803,0.61913388441166,37,0,-0.0338384504263403
1,21,20,1.36206870704864,1.36649204067476,1.35764537342252,1.36326557875189,1.36326557875189,0.552446835798392,37,0,-0.0369000613642845
1,21,21,1.36464381137541,1.36188816425736,1.36739945849346,1.36389818458383,1.36389818458383,1.86902181330735,37,0,0.0229879896813348
1,21,22,1.36506903047058,1.36266491675874,1.36747314418242,1.36441852207209,1.36441852207209,1.80510435373609,37,6.37272815179862e-16,0.0200554493493063
1,21,23,1.36511709630728,1.36283006923328,1.36740412338129,1.36449826937249,1.36449826937249,1.78372154620069,37,-6.37272815179862e-16,0.0190786964099379
1,21,24,1.36479656325909,1.3624260820175,1.36716704450069,1.36415515518072,1.36415515518072,1.79867599013521,37,-6.37272815179862e-16,0.0197748826272513
1,21,25,1.36466701654765,1.36243493877481,1.3668990943205,1.36406305787043,1.36406305787043,1.77321385835816,37,1.27454563035972e-15,0.0186203017338359
1,22,1,1.3603310053722,1.36380943495903,1.35685257578536,1.36126157817412,1.36126157817412,0.963084400309951,37,-6.38145146216851e-16,-0.0291087976169112
1,22,2,1.36153930242098,1.36393016854741,1.35914843629455,1.36217892295512,1.36217892295512,1.08849555432374,37,0,-0.0200076604875704
1,22,3,1.36261030552797,1.3665892503962,1.35863136065974,1.36367477953335,1.36367477953335,0.908203424154088,37,6.38145146216851e-16,-0.0332972963823608
1,22,4,1.36185421899266,1.36591694572597,1.35779149225935,1.36294110688425,1.36294110688425,0.897879209060147,37,-1.2762902924337e-15,-0.0339984143132289
1,22,5,1.36204795709294,1.36576305789703,1.35833285628886,1.36304184576552,1.36304184576552,0.937772822281706,37,6.38145146216851e-16,-0.0310893507351004
1,22,6,1.36206594741113,1.36479726369393,1.35933463112833,1.36279664745343,1.36279664745343,1.05014181797151,37,-6.38145146216851e-16,-0.0228566745190095
1,22,7,1.3616916318347,1.36312200599479,1.36026125767461,1.36207429511901,1.36207429511901,1.19833881273052,37,0,-0.0119699050686927
1,22,8,1.36174844045196,1.3636670579844,1.35982982291952,1.36226172187636,1.36226172187636,1.14263683213883,37,0,-0.0160557079170093
1,22,9,1.36150364667635,1.36408500630122,1.35892228705148,1.36219422930823,1.36219422930823,1.06670499635909,37,6.38145146216851e-16,-0.0216017812121492
1,22,10,1.36207227095504,1.36504208354669,1.35910245836338,1.36286677512872,1.36286677512872,1.02291118108559,37,0,-0.0248525006852952
1,22,11,1.36124767072275,1.36461582804376,1.35787951340175,1.36214874274888,1.36214874274888,0.976594473731789,37,0,-0.0281859981211254
1,22,12,1.36201199893308,1.36513204701967,1.3588919508465,1.36284669511353,1.36284669511353,1.00569358595813,37,1.2762902924337e-15,-0.0261097274043208
1,22,13,1.36129337179101,1.36498100896535,1.35760573461667,1.36227991320924,1.36227991320924,0.940154662026623,37,6.38145146216851e-16,-0.0308595248265437
1,22,14,1.36010205097466,1.364200356982,1.35600374496732,1.36119845727215,1.36119845727215,0.892063786212181,37,0,-0.0342961549635056
1,22,15,1.3608874156693,1.36390850653518,1.35786632480342,1.36169563815067,1.36169563815067,1.01587020025818,37,6.38145146216851e-16,-0.0252816164311306
1,22,16,1.36047433399696,1.36593732254573,1.35501134544819,1.36193582931656,1.36193582931656,0.73658542082106,37,6.38145146216851e-16,-0.0457163280381625
1,22,17,1.36101747402747,1.36579900603427,1.35623594202067,1.36229666152458,1.36229666152458,0.81495284650567,37,-6.38145146216851e-16,-0.0400136452413366
1,22,18,1.36107569591368,1.36622410672657,1.35592728510079,1.3624530332885,1.3624530332885,0.77311245968084,37,0,-0.0430838240820315
1,22,19,1.36078237114156,1.36601761913621,1.35554712314692,1.36218293978139,1.36218293978139,0.762902080449547,37,6.38145146216851e-16,-0.0438105100436718
1,22,20,1.36127004185487,1.36687307304657,1.35566701066317,1.36276900232113,1.36276900232113,0.721387858417111,37,-6.38145146216851e-16,-0.0468882571656929
1,22,21,1.36381577490871,1.36226441009698,1.36536713972044,1.36340074339416,1.36340074339416,1.54098607239147,37,6.38145146216851e-16,0.0129824000191155
1,22,22,1.36424119398763,1.363041970168,1.36544041780725,1.36392036959199,1.36392036959199,1.50119598325769,37,-1.2762902924337e-15,0.0100355527088881
1,22,23,1.36428953657558,1.36320729434733,1.36537177880383,1.36400000787949,1.36400000787949,1.48788469361209,37,6.38145146216851e-16,0.00905660707167658
1,22,24,1.36396944923643,1.36280288711641,1.36513601135645,1.36365736271763,1.36365736271763,1.49719417901861,37,-6.38145146216851e-16,0.00976222741082839
1,22,25,1.36384064823002,1.36281175308186,1.36486954337818,1.36356539130243,1.36356539130243,1.48134341617947,37,0,0.00861017878587389
1,23,1,1.35806965884149,1.36164982727415,1.35448949040884,1.35896594267388,1.35896594267388,1.75728180497756,38,-6.42118692381247e-16,-0.0301522575682384
1,23,2,1.35926999592854,1.36176984417637,1.35677014768072,1.35989582502292,1.35989582502292,1.63801939076877,38,6.42118692381247e-16,-0.021053777124678
1,23,3,1.36033481879609,1.36441314146037,1.35625649613181,1.36135581396322,1.36135581396322,1.81509441295227,38,0,-0.0343477235032601
1,23,4,1.3595835085065,1.36374482765512,1.35542218935789,1.36062528158072,1.36062528158072,1.82359775234019,38,0,-0.0350467217263376
1,23,5,1.35977591089116,1.36359185331908,1.35595996846324,1.36073121999681,1.36073121999681,1.78527839627398,38,0,-0.0321379513608673
1,23,6,1.35979345084565,1.36263179216296,1.35695510952834,1.36050402060832,1.36050402060832,1.67628703210181,38,0,-0.0239045732277825
1,23,7,1.35942103944399,1.36096647895414,1.35787559993384,1.35980793533253,1.35980793533253,1.53174763110489,38,1.28423738476249e-15,-0.0130157256684399
1,23,8,1.3594776588059,1.36150829546289,1.35744702214891,1.35998602226402,1.35998602226402,1.58590689896846,38,-1.28423738476249e-15,-0.0171020667493297
1,23,9,1.3592346294006,1.36192376279842,1.35654549600277,1.35990784543301,1.35990784543301,1.65909055383191,38,-6.42118692381247e-16,-0.0226479408362832
1,23,10,1.359799816479,1.36287515874161,1.35672447421639,1.36056971867798,1.36056971867798,1.70272054991768,38,6.42118692381247e-16,-0.0259006004206297
1,23,11,1.35898053057731,1.36245143353221,1.35550962762241,1.35984946014327,1.35984946014327,1.74600886282527,38,-1.28423738476249e-15,-0.0292320213027004
1,23,12,1.35973997443379,1.36296458818279,1.35651536068478,1.3605472462768,1.3605472462768,1.71930545282277,38,0,-0.0271577681740584
1,23,13,1.35902605425556,1.36281444670483,1.35523766180629,1.35997446631127,1.35997446631127,1.78145653721457,38,-6.42118692381247e-16,-0.0319059248325431
1,23,14,1.35784235465655,1.3620384287465,1.3536462805666,1.3588928285203,1.3588928285203,1.82573200127693,38,-6.42118692381247e-16,-0.0353394286094725
1,23,15,1.35862241855559,1.36174831075192,1.35549652635926,1.35940497577044,1.35940497577044,1.70717979951687,38,6.42118692381247e-16,-0.026326333078235
1,23,16,1.3582127681272,1.36376508351612,1.35266045273828,1.35960277270631,1.35960277270631,1.97733217106329,38,6.42118692381247e-16,-0.0467617227669727
1,23,17,1.35875226403542,1.36362758806473,1.35387694000611,1.35997278597099,1.35997278597099,1.9023827120054,38,0,-0.0410600865925077
1,23,18,1.35881024616876,1.36405016531857,1.35357032701895,1.36012204333845,1.36012204333845,1.94309542959692,38,1.28423738476249e-15,-0.0441307147454041
1,23,19,1.358518792982,1.36384490345834,1.35319268250565,1.3598521678774,1.3598521678774,1.95241487184447,38,-6.42118692381247e-16,-0.0448566200000452
1,23,20,1.35900352771824,1.36469527931228,1.35331177612421,1.36042843970985,1.36042843970985,1.99367097755246,38,0,-0.0479360575643802
1,23,21,1.36153082227377,1.36011397382779,1.36294767071974,1.36117611875103,1.36117611875103,1.20354297351566,38,0,0.011932728887419
1,23,22,1.36195369089259,1.36088691822769,1.3630204635575,1.36168662773331,1.36168662773331,1.243001576486,38,-6.42118692381247e-16,0.00898438293170505
1,23,23,1.36200177005493,1.36105126102684,1.36295227908302,1.36176381312904,1.36176381312904,1.25601380994572,38,6.42118692381247e-16,0.00800520801603002
1,23,24,1.36168366364437,1.36064925439601,1.36271807289272,1.36142470256396,1.36142470256396,1.24634028140265,38,0,0.00871181752310379
1,23,25,1.36155571860167,1.36065806773225,1.36245336947108,1.36133099454845,1.36133099454845,1.26146178816166,38,1.28423738476249e-15,0.00756003543693729
1,24,1,1.35954376233567,1.36266075386399,1.35642677080735,1.36038048827957,1.36038048827957,0.958500152324787,37,6.39705339562155e-16,-0.0261341322416031
1,24,2,1.36075049904646,1.36278110625173,1.35871989184119,1.36129559572544,1.36129559572544,1.09948509722731,37,0,-0.0170254416000094
1,24,3,1.36181761279393,1.36543179239454,1.35820343319333,1.36278780402167,1.36278780402167,0.89680395424435,37,1.27941067912431e-15,-0.0303027604562921
1,24,4,1.36106308869148,1.36476161043908,1.35736456694388,1.36205592074513,1.36205592074513,0.885197658874314,37,-6.39705339562155e-16,-0.0310099195239929
1,24,5,1.36125674674798,1.364608208491,1.35790528500496,1.36215641393182,1.36215641393182,0.930045335352801,37,0,-0.0281000264514476
1,24,6,1.36127566408034,1.3636454636578,1.35890586450288,1.36191181364003,1.36191181364003,1.05636852239832,37,0,-0.0198693692237385
1,24,7,1.36090344037192,1.36197549536753,1.35983138537632,1.36119122306878,1.36119122306878,1.22296889622568,37,0,-0.00898854769760665
1,24,8,1.36095964592282,1.36251882642619,1.35940046541944,1.36137819270632,1.36137819270632,1.16034973984811,37,6.39705339562155e-16,-0.0130728072545268
1,24,9,1.3607147337851,1.36293545512541,1.35849401244478,1.36131086474751,1.36131086474751,1.07498854715407,37,-6.39705339562155e-16,-0.0186194362904862
1,24,10,1.36128173964781,1.36388951052364,1.35867396877198,1.36198177027918,1.36198177027918,1.02575633426233,37,6.39705339562155e-16,-0.0218646179514583
1,24,11,1.36045854196226,1.36346460086717,1.35745248305736,1.36126548912646,1.36126548912646,0.973687931848745,37,-1.27941067912431e-15,-0.0252040277405188
1,24,12,1.36122145119315,1.36397918994863,1.35846371243768,1.36196173923764,1.36196173923764,1.00640062607602,37,0,-0.0231220100114157
1,24,13,1.3605038298645,1.36382862877737,1.35717903095163,1.3613963396719,1.3613963396719,0.932722956397311,37,6.39705339562155e-16,-0.0278764743747359
1,24,14,1.3593146972179,1.36305044160138,1.35557895283442,1.36031752132474,1.36031752132474,0.878660065976355,37,6.39705339562155e-16,-0.0313220093322635
1,24,15,1.36009941141524,1.36275951263449,1.35743931019598,1.36081348961638,1.36081348961638,1.01784099131044,37,6.39705339562155e-16,-0.0223033769608701
1,24,16,1.35968483019584,1.36478192292168,1.35458773747,1.36105309497403,1.36105309497403,0.703874107338331,37,-1.27941067912431e-15,-0.0427361108088825
1,24,17,1.36022745797569,1.36464404312666,1.35581087282473,1.36141304713936,1.36141304713936,0.791973346031902,37,-6.39705339562155e-16,-0.0370304568821597
1,24,18,1.36028519291015,1.36506780161867,1.35550258420163,1.36156903752428,1.36156903752428,0.744937141975043,37,-6.39705339562155e-16,-0.0400993481415012
1,24,19,1.35999242092606,1.36486196598609,1.35512287586604,1.36129960275497,1.36129960275497,0.733458818817285,37,0,-0.0408282580811458
1,24,20,1.36047866962068,1.36571471891171,1.35524262032965,1.36188423593214,1.36188423593214,0.686789283304755,37,6.39705339562155e-16,-0.0439011795033138
1,24,21,1.3630258910899,1.36112060721751,1.3649311749623,1.36251443623607,1.36251443623607,1.60816673133201,37,0,0.0159746795031373
1,24,22,1.36345003892772,1.36189571224348,1.36500436561196,1.36303279510457,1.36303279510457,1.56343543475551,37,0,0.0130321108490199
1,24,23,1.36349816147169,1.36206051443316,1.36493580851022,1.36311223916027,1.36311223916027,1.54847112434769,37,0,0.0120538209617434
1,24,24,1.36317885322589,1.36165738406561,1.36470032238617,1.36277042968426,1.36277042968426,1.55893667900612,37,6.39705339562155e-16,0.0127566199250264
1,24,25,1.36305019720088,1.36166622203793,1.36443417236383,1.36267868258044,1.36267868258044,1.54111753888966,37,6.39705339562155e-16,0.0116038139978818
1,25,1,1.36065735092905,1.36022293481713,1.36109176704097,1.36053676647741,1.36053676647741,1.15395650574857,37,6.39428053008019e-16,0.00362116743343616
1,25,2,1.36187868958317,1.36034247819165,1.3634149009747,1.36145227075759,1.36145227075759,0.630929297306333,37,1.27885610601604e-15,0.0128054151519879
1,25,3,1.36293351456005,1.36297534632383,1.36289168279628,1.36294512614663,1.36294512614663,1.38283761270521,37,-6.39428053008019e-16,-0.000348697519510429
1,25,4,1.36217575331358,1.36230966935635,1.36204183727082,1.36221292549053,1.36221292549053,1.42589475098293,37,1.27885610601604e-15,-0.00111628551421729
1,25,5,1.36237346547857,1.36215729858186,1.36258963237527,1.36231346225588,1.36231346225588,1.25951844002377,37,-6.39428053008019e-16,0.00180190491343638
1,25,6,1.36240216652243,1.36120102535516,1.3636033076897,1.36206875589371,1.36206875589371,0.790883551897072,37,-6.39428053008019e-16,0.0100123663891014
1,25,7,1.36204161232434,1.35954228265371,1.36454094199497,1.36134785283996,1.36134785283996,0.17282799632975,37,-1.27885610601604e-15,0.0208336913856272
1,25,8,1.3620931717393,1.36008196142083,1.36410438205776,1.36153490355647,1.36153490355647,0.405133102224646,37,-1.27885610601604e-15,0.0167648692282777
1,25,9,1.36184092737142,1.36049578952647,1.36318606521636,1.36146754640104,1.36146754640104,0.721806817669454,37,0,0.0112126811688524
1,25,10,1.36240590429131,1.36144343172891,1.36336837685371,1.3621387428694,1.3621387428694,0.904448920994754,37,-6.39428053008019e-16,0.00802289372537479
1,25,11,1.36157614119084,1.36102137833091,1.36213090405078,1.36142215110295,1.36142215110295,1.09761274555244,37,0,0.00462434321964389
1,25,12,1.3623439384806,1.36153250832547,1.36315536863574,1.36211870314145,1.36211870314145,0.976254900187147,37,1.27885610601604e-15,0.00676384777553379
1,25,13,1.36161841608623,1.36138295923199,1.36185387294048,1.36155305839144,1.36155305839144,1.24958497754559,37,-6.39428053008019e-16,0.00196270043668677
1,25,14,1.36042142784444,1.36061000305909,1.3602328526298,1.3604737722171,1.3604737722171,1.45014797153577,37,-6.39428053008019e-16,-0.00157190860853099
1,25,15,1.36121929425372,1.3603210297275,1.36211755877994,1.36096995558429,1.36096995558429,0.933813331009276,37,0,0.00748767405186859
1,25,16,1.36077925465325,1.36232984529768,1.35922866400882,1.36120966484627,1.36120966484627,2.09857048278016,37,-6.39428053008019e-16,-0.0129252764575551
1,25,17,1.36133035018924,1.36219289233576,1.36046780804272,1.36156977310406,1.36156977310406,1.77173913981908,37,-6.39428053008019e-16,-0.00718990259621768
1,25,18,1.36138464338705,1.36261380230747,1.36015548446663,1.36172583113386,1.36172583113386,1.9462344699452,37,-6.39428053008019e-16,-0.0102459142996438
1,25,19,1.36109007836497,1.36240935030964,1.35977080642029,1.36145627952476,1.36145627952476,1.98881685576626,37,0,-0.0109970704833675
1,25,20,1.36157424456283,1.36325637099845,1.35989211812721,1.3620411662268,1.3620411662268,2.16195191565007,37,-6.39428053008019e-16,-0.0140217208810149
1,25,21,1.36420030995164,1.35869314109356,1.36970747880972,1.3626716398157,1.3626716398157,-1.25618237447936,37,-6.39428053008019e-16,0.0459061714610616
1,25,22,1.36462233161518,1.35946303583478,1.36978162739557,1.36319022346937,1.36319022346937,-1.09023781072055,37,1.27885610601604e-15,0.0430064018040407
1,25,23,1.36466945161031,1.35962673021803,1.36971217300259,1.36326970197581,1.36326970197581,-1.03472307824837,37,-6.39428053008019e-16,0.0420346713220634
1,25,24,1.36434995724465,1.35922630970776,1.36947360478154,1.36292774427487,1.36292774427487,-1.07354828644054,37,6.39428053008019e-16,0.0427092483262747
1,25,25,1.36421952979844,1.3592350882709,1.36920397132598,1.36283595738513,1.36283595738513,-1.00744268120446,37,6.39428053008019e-16,0.0415488671761168
